BEGIN TRANSACTION;
CREATE TABLE IF NOT EXISTS "ActionLogs" (
	"ID"	TEXT NOT NULL,
	"ModuleName"	TEXT,
	"ActionName"	TEXT,
	"ITCode"	TEXT,
	"ActionUrl"	TEXT,
	"ActionTime"	TEXT NOT NULL,
	"Duration"	REAL NOT NULL,
	"Remark"	TEXT,
	"IP"	TEXT,
	"LogType"	INTEGER NOT NULL,
	"TenantCode"	TEXT,
	"CreateTime"	TEXT,
	"CreateBy"	TEXT,
	"UpdateTime"	TEXT,
	"UpdateBy"	TEXT,
	CONSTRAINT "PK_ActionLogs" PRIMARY KEY("ID")
);
CREATE TABLE IF NOT EXISTS "Bookmarks" (
	"Id"	TEXT NOT NULL,
	"TenantId"	TEXT,
	"Hash"	TEXT NOT NULL,
	"Model"	TEXT NOT NULL,
	"ModelType"	TEXT NOT NULL,
	"ActivityType"	TEXT NOT NULL,
	"ActivityId"	TEXT NOT NULL,
	"WorkflowInstanceId"	TEXT NOT NULL,
	"CorrelationId"	TEXT NOT NULL,
	CONSTRAINT "PK_Bookmarks" PRIMARY KEY("Id")
);
CREATE TABLE IF NOT EXISTS "DataPrivileges" (
	"ID"	TEXT NOT NULL,
	"UserCode"	TEXT,
	"GroupCode"	TEXT,
	"TableName"	TEXT NOT NULL,
	"RelateId"	TEXT,
	"Domain"	TEXT,
	"TenantCode"	TEXT,
	"CreateTime"	TEXT,
	"CreateBy"	TEXT,
	"UpdateTime"	TEXT,
	"UpdateBy"	TEXT,
	CONSTRAINT "PK_DataPrivileges" PRIMARY KEY("ID")
);
CREATE TABLE IF NOT EXISTS "DeviceConfigs" (
	"ID"	TEXT NOT NULL,
	"CreateBy"	TEXT,
	"CreateTime"	TEXT,
	"DataSide"	INTEGER NOT NULL,
	"Description"	TEXT,
	"DeviceConfigName"	TEXT,
	"DeviceId"	TEXT,
	"EnumInfo"	TEXT,
	"UpdateBy"	TEXT,
	"UpdateTime"	TEXT,
	"Value"	TEXT,
	CONSTRAINT "PK_DeviceConfigs" PRIMARY KEY("ID"),
	CONSTRAINT "FK_DeviceConfigs_Devices_DeviceId" FOREIGN KEY("DeviceId") REFERENCES "Devices"("ID") ON DELETE NO ACTION ON UPDATE NO ACTION
);
CREATE TABLE IF NOT EXISTS "DeviceVariables" (
	"ID"	TEXT NOT NULL,
	"Alias"	TEXT,
	"DataType"	INTEGER NOT NULL,
	"Description"	TEXT,
	"DeviceAddress"	TEXT,
	"DeviceId"	TEXT,
	"EndianType"	INTEGER NOT NULL,
	"Expressions"	TEXT,
	"Index"	INTEGER NOT NULL,
	"IsTrigger"	INTEGER NOT NULL,
	"IsUpload"	INTEGER NOT NULL,
	"Method"	TEXT,
	"Name"	TEXT,
	"ProtectType"	INTEGER NOT NULL,
	CONSTRAINT "PK_DeviceVariables" PRIMARY KEY("ID"),
	CONSTRAINT "FK_DeviceVariables_Devices_DeviceId" FOREIGN KEY("DeviceId") REFERENCES "Devices"("ID") ON DELETE NO ACTION ON UPDATE NO ACTION
);
CREATE TABLE IF NOT EXISTS "Devices" (
	"ID"	TEXT NOT NULL,
	"AutoStart"	INTEGER NOT NULL,
	"CgUpload"	INTEGER NOT NULL,
	"CmdPeriod"	INTEGER NOT NULL,
	"CreateBy"	TEXT,
	"CreateTime"	TEXT,
	"Description"	TEXT,
	"DeviceName"	TEXT,
	"DeviceTypeEnum"	INTEGER NOT NULL,
	"DriverId"	TEXT,
	"EnforcePeriod"	INTEGER NOT NULL,
	"Index"	INTEGER NOT NULL,
	"ParentId"	TEXT,
	"UpdateBy"	TEXT,
	"UpdateTime"	TEXT,
	CONSTRAINT "PK_Devices" PRIMARY KEY("ID"),
	CONSTRAINT "FK_Devices_Drivers_DriverId" FOREIGN KEY("DriverId") REFERENCES "Drivers"("ID") ON DELETE NO ACTION ON UPDATE NO ACTION,
	CONSTRAINT "FK_Devices_Devices_ParentId" FOREIGN KEY("ParentId") REFERENCES "Devices"("ID") ON DELETE NO ACTION ON UPDATE NO ACTION
);
CREATE TABLE IF NOT EXISTS "Drivers" (
	"ID"	TEXT NOT NULL,
	"AssembleName"	TEXT,
	"AuthorizesNum"	INTEGER NOT NULL,
	"CreateBy"	TEXT,
	"CreateTime"	TEXT,
	"DriverName"	TEXT,
	"FileName"	TEXT,
	"UpdateBy"	TEXT,
	"UpdateTime"	TEXT,
	CONSTRAINT "PK_Drivers" PRIMARY KEY("ID")
);
CREATE TABLE IF NOT EXISTS "FileAttachments" (
	"ID"	TEXT NOT NULL,
	"FileName"	TEXT NOT NULL,
	"FileExt"	TEXT NOT NULL,
	"Path"	TEXT,
	"Length"	INTEGER NOT NULL,
	"UploadTime"	TEXT NOT NULL,
	"SaveMode"	TEXT,
	"FileData"	BLOB,
	"ExtraInfo"	TEXT,
	"HandlerInfo"	TEXT,
	"TenantCode"	TEXT,
	CONSTRAINT "PK_FileAttachments" PRIMARY KEY("ID")
);
CREATE TABLE IF NOT EXISTS "FrameworkGroups" (
	"ID"	TEXT NOT NULL,
	"GroupCode"	TEXT NOT NULL,
	"GroupName"	TEXT NOT NULL,
	"GroupRemark"	TEXT,
	"Manager"	TEXT,
	"TenantCode"	TEXT,
	"ParentId"	TEXT,
	CONSTRAINT "PK_FrameworkGroups" PRIMARY KEY("ID"),
	CONSTRAINT "FK_FrameworkGroups_FrameworkGroups_ParentId" FOREIGN KEY("ParentId") REFERENCES "FrameworkGroups"("ID")
);
CREATE TABLE IF NOT EXISTS "FrameworkMenus" (
	"ID"	TEXT NOT NULL,
	"PageName"	TEXT NOT NULL,
	"ActionName"	TEXT,
	"ModuleName"	TEXT,
	"FolderOnly"	INTEGER NOT NULL,
	"IsInherit"	INTEGER NOT NULL,
	"ClassName"	TEXT,
	"MethodName"	TEXT,
	"Domain"	TEXT,
	"ShowOnMenu"	INTEGER NOT NULL,
	"IsPublic"	INTEGER NOT NULL,
	"DisplayOrder"	INTEGER NOT NULL,
	"IsInside"	INTEGER NOT NULL,
	"TenantAllowed"	INTEGER,
	"Url"	TEXT,
	"Icon"	TEXT,
	"ParentId"	TEXT,
	CONSTRAINT "PK_FrameworkMenus" PRIMARY KEY("ID"),
	CONSTRAINT "FK_FrameworkMenus_FrameworkMenus_ParentId" FOREIGN KEY("ParentId") REFERENCES "FrameworkMenus"("ID")
);
CREATE TABLE IF NOT EXISTS "FrameworkRoles" (
	"ID"	TEXT NOT NULL,
	"RoleCode"	TEXT NOT NULL,
	"RoleName"	TEXT NOT NULL,
	"RoleRemark"	TEXT,
	"TenantCode"	TEXT,
	"CreateTime"	TEXT,
	"CreateBy"	TEXT,
	"UpdateTime"	TEXT,
	"UpdateBy"	TEXT,
	CONSTRAINT "PK_FrameworkRoles" PRIMARY KEY("ID")
);
CREATE TABLE IF NOT EXISTS "FrameworkTenants" (
	"ID"	TEXT NOT NULL,
	"TCode"	TEXT NOT NULL,
	"TName"	TEXT NOT NULL,
	"TDb"	TEXT,
	"TDbType"	INTEGER,
	"DbContext"	TEXT,
	"TDomain"	TEXT,
	"TenantCode"	TEXT,
	"EnableSub"	INTEGER NOT NULL,
	"Enabled"	INTEGER NOT NULL,
	"CreateTime"	TEXT,
	"CreateBy"	TEXT,
	"UpdateTime"	TEXT,
	"UpdateBy"	TEXT,
	CONSTRAINT "PK_FrameworkTenants" PRIMARY KEY("ID")
);
CREATE TABLE IF NOT EXISTS "FrameworkUserGroups" (
	"ID"	TEXT NOT NULL,
	"UserCode"	TEXT NOT NULL,
	"GroupCode"	TEXT NOT NULL,
	"TenantCode"	TEXT,
	"CreateTime"	TEXT,
	"CreateBy"	TEXT,
	"UpdateTime"	TEXT,
	"UpdateBy"	TEXT,
	CONSTRAINT "PK_FrameworkUserGroups" PRIMARY KEY("ID")
);
CREATE TABLE IF NOT EXISTS "FrameworkUserRoles" (
	"ID"	TEXT NOT NULL,
	"UserCode"	TEXT NOT NULL,
	"RoleCode"	TEXT NOT NULL,
	"TenantCode"	TEXT,
	"CreateTime"	TEXT,
	"CreateBy"	TEXT,
	"UpdateTime"	TEXT,
	"UpdateBy"	TEXT,
	CONSTRAINT "PK_FrameworkUserRoles" PRIMARY KEY("ID")
);
CREATE TABLE IF NOT EXISTS "FrameworkUsers" (
	"ID"	TEXT NOT NULL,
	"Email"	TEXT,
	"Gender"	INTEGER,
	"CellPhone"	TEXT,
	"HomePhone"	TEXT,
	"Address"	TEXT,
	"ZipCode"	TEXT,
	"CreateTime"	TEXT,
	"CreateBy"	TEXT,
	"UpdateTime"	TEXT,
	"UpdateBy"	TEXT,
	"ITCode"	TEXT NOT NULL,
	"Password"	TEXT NOT NULL,
	"Name"	TEXT NOT NULL,
	"IsValid"	INTEGER NOT NULL,
	"PhotoId"	TEXT,
	"TenantCode"	TEXT,
	CONSTRAINT "PK_FrameworkUsers" PRIMARY KEY("ID"),
	CONSTRAINT "FK_FrameworkUsers_FileAttachments_PhotoId" FOREIGN KEY("PhotoId") REFERENCES "FileAttachments"("ID") ON DELETE RESTRICT
);
CREATE TABLE IF NOT EXISTS "FrameworkWorkflows" (
	"ID"	TEXT NOT NULL,
	"UserCode"	TEXT NOT NULL,
	"Tag"	TEXT,
	"WorkflowName"	TEXT,
	"ModelType"	TEXT,
	"ModelID"	TEXT,
	"Submitter"	TEXT,
	"WorkflowId"	TEXT NOT NULL,
	"ActivityId"	TEXT NOT NULL,
	"TenantCode"	TEXT,
	"StartTime"	TEXT,
	CONSTRAINT "PK_FrameworkWorkflows" PRIMARY KEY("ID")
);
CREATE TABLE IF NOT EXISTS "FunctionPrivileges" (
	"ID"	TEXT NOT NULL,
	"RoleCode"	TEXT,
	"MenuItemId"	TEXT NOT NULL,
	"Allowed"	INTEGER NOT NULL,
	"TenantCode"	TEXT,
	"CreateTime"	TEXT,
	"CreateBy"	TEXT,
	"UpdateTime"	TEXT,
	"UpdateBy"	TEXT,
	CONSTRAINT "PK_FunctionPrivileges" PRIMARY KEY("ID")
);
CREATE TABLE IF NOT EXISTS "RpcLogs" (
	"ID"	TEXT NOT NULL,
	"Description"	TEXT,
	"DeviceId"	TEXT,
	"EndTime"	TEXT NOT NULL,
	"IsSuccess"	INTEGER NOT NULL,
	"Method"	TEXT,
	"Params"	TEXT,
	"RpcSide"	INTEGER NOT NULL,
	"StartTime"	TEXT NOT NULL,
	CONSTRAINT "PK_RpcLogs" PRIMARY KEY("ID"),
	CONSTRAINT "FK_RpcLogs_Devices_DeviceId" FOREIGN KEY("DeviceId") REFERENCES "Devices"("ID") ON DELETE NO ACTION ON UPDATE NO ACTION
);
CREATE TABLE IF NOT EXISTS "SystemConfig" (
	"ID"	TEXT NOT NULL,
	"ClientId"	TEXT,
	"CreateBy"	TEXT,
	"CreateTime"	TEXT,
	"GatewayName"	TEXT,
	"IoTPlatformType"	INTEGER NOT NULL,
	"MqttIp"	TEXT,
	"MqttPort"	INTEGER NOT NULL,
	"MqttUName"	TEXT,
	"MqttUPwd"	TEXT,
	"UpdateBy"	TEXT,
	"UpdateTime"	TEXT,
	CONSTRAINT "PK_SystemConfig" PRIMARY KEY("ID")
);
CREATE TABLE IF NOT EXISTS "Triggers" (
	"Id"	TEXT NOT NULL,
	"TenantId"	TEXT,
	"Hash"	TEXT NOT NULL,
	"Model"	TEXT NOT NULL,
	"ModelType"	TEXT NOT NULL,
	"ActivityType"	TEXT NOT NULL,
	"ActivityId"	TEXT NOT NULL,
	"WorkflowDefinitionId"	TEXT NOT NULL,
	CONSTRAINT "PK_Triggers" PRIMARY KEY("Id")
);
CREATE TABLE IF NOT EXISTS "WorkflowDefinitions" (
	"Id"	TEXT NOT NULL,
	"DefinitionId"	TEXT NOT NULL,
	"TenantId"	TEXT,
	"Name"	TEXT,
	"DisplayName"	TEXT,
	"Description"	TEXT,
	"Version"	INTEGER NOT NULL,
	"IsSingleton"	INTEGER NOT NULL,
	"PersistenceBehavior"	INTEGER NOT NULL,
	"DeleteCompletedInstances"	INTEGER NOT NULL,
	"IsPublished"	INTEGER NOT NULL,
	"IsLatest"	INTEGER NOT NULL,
	"Tag"	TEXT,
	"Data"	TEXT,
	"CreatedAt"	TEXT NOT NULL,
	CONSTRAINT "PK_WorkflowDefinitions" PRIMARY KEY("Id")
);
CREATE TABLE IF NOT EXISTS "WorkflowExecutionLogRecords" (
	"Id"	TEXT NOT NULL,
	"TenantId"	TEXT,
	"WorkflowInstanceId"	TEXT NOT NULL,
	"ActivityType"	TEXT NOT NULL,
	"ActivityId"	TEXT NOT NULL,
	"Timestamp"	TEXT NOT NULL,
	"EventName"	TEXT,
	"Message"	TEXT,
	"Source"	TEXT,
	"Data"	TEXT,
	CONSTRAINT "PK_WorkflowExecutionLogRecords" PRIMARY KEY("Id")
);
CREATE TABLE IF NOT EXISTS "WorkflowInstances" (
	"Id"	TEXT NOT NULL,
	"DefinitionId"	TEXT NOT NULL,
	"TenantId"	TEXT,
	"Version"	INTEGER NOT NULL,
	"WorkflowStatus"	INTEGER NOT NULL,
	"CorrelationId"	TEXT NOT NULL,
	"ContextType"	TEXT,
	"ContextId"	TEXT,
	"Name"	TEXT,
	"CreatedAt"	TEXT NOT NULL,
	"LastExecutedAt"	TEXT,
	"FinishedAt"	TEXT,
	"CancelledAt"	TEXT,
	"FaultedAt"	TEXT,
	"Data"	TEXT,
	"LastExecutedActivityId"	TEXT,
	"DefinitionVersionId"	TEXT NOT NULL,
	CONSTRAINT "PK_WorkflowInstances" PRIMARY KEY("Id")
);
CREATE TABLE IF NOT EXISTS "__EFMigrationsHistory" (
	"MigrationId"	TEXT NOT NULL,
	"ProductVersion"	TEXT NOT NULL,
	CONSTRAINT "PK___EFMigrationsHistory" PRIMARY KEY("MigrationId")
);
INSERT INTO "ActionLogs" VALUES ('B23F5519-B495-4C5C-8539-5A54587C28C9','Login','Login','admin','/Login/Login','2026-04-03 17:23:01.7446067',41.246643,'','::1',0,NULL,NULL,NULL,NULL,NULL);
INSERT INTO "ActionLogs" VALUES ('83FB5723-D345-4C8C-8994-52D70336C43A','Framework','GetScriptLanguage','admin','/_framework/GetScriptLanguage','2026-04-03 17:23:01.9892803',0.0183016,'','::ffff:127.0.0.1',0,NULL,NULL,NULL,NULL,NULL);
INSERT INTO "ActionLogs" VALUES ('92C9E50D-2F64-4D11-9A24-7DE4E5BBAD33','Login','Login[P]','admin','/Login/Login','2026-04-03 17:23:05.4645166',0.0311565,'','::ffff:127.0.0.1',0,NULL,NULL,NULL,NULL,NULL);
INSERT INTO "ActionLogs" VALUES ('DEB1378F-A54E-4C01-9968-623F23A4D602','Home','Index','admin','/','2026-04-03 17:23:06.5057252',1.020185,'','::ffff:127.0.0.1',0,NULL,NULL,NULL,NULL,NULL);
INSERT INTO "ActionLogs" VALUES ('58935EB2-FE44-4D9E-AE60-77013B90DB2C','Framework','GetScriptLanguage','admin','/_framework/GetScriptLanguage','2026-04-03 17:23:06.5953836',0.0026419,'','::1',0,NULL,NULL,NULL,NULL,NULL);
INSERT INTO "ActionLogs" VALUES ('312F2380-3844-4E55-8DE6-29A46FC7AB2F','Home','Layout','admin','/Home/Layout','2026-04-03 17:23:08.1695944',1.401348,'','::1',0,NULL,NULL,NULL,NULL,NULL);
INSERT INTO "ActionLogs" VALUES ('3BA8AAC6-07E9-4C87-9EF3-32F596307320','Framework','Menu','admin','/_Framework/Menu','2026-04-03 17:23:08.4897004',0.2866833,'','::1',0,NULL,NULL,NULL,NULL,NULL);
INSERT INTO "ActionLogs" VALUES ('516AA326-75E6-4750-84CE-E9E9AD943CD2','Home','FrontPage','admin','/Home/FrontPage','2026-04-03 17:23:09.4906013',1.2982016,'','::ffff:127.0.0.1',0,NULL,NULL,NULL,NULL,NULL);
INSERT INTO "ActionLogs" VALUES ('D9E7B3FC-56BC-4DF1-A5A8-41A0E2078C28','Home','GetDeviceVariableChart','admin','/Home/GetDeviceVariableChart','2026-04-03 17:23:09.7062965',0.019583,'','::1',0,NULL,NULL,NULL,NULL,NULL);
INSERT INTO "ActionLogs" VALUES ('FAFB137D-9BE9-46E7-8F2E-274A88FF35DD','Home','GetDeviceChart','admin','/Home/GetDeviceChart','2026-04-03 17:23:09.7062965',0.0200913,'','::ffff:127.0.0.1',0,NULL,NULL,NULL,NULL,NULL);
INSERT INTO "ActionLogs" VALUES ('BD6AB855-39DE-44F6-9F7B-39FFB2C5421A','Home','GetModelChart','admin','/Home/GetModelChart','2026-04-03 17:23:09.7062854',0.0196869,'','::1',0,NULL,NULL,NULL,NULL,NULL);
INSERT INTO "ActionLogs" VALUES ('37F3E2FD-6569-4CEE-8D66-28444E4FCB92','Home','GetSampleChart','admin','/Home/GetSampleChart','2026-04-03 17:23:09.7062854',0.0186906,'','::1',0,NULL,NULL,NULL,NULL,NULL);
INSERT INTO "ActionLogs" VALUES ('14E75C87-3438-403B-9363-1C81C4CF7E5A','Home','GetActionChart','admin','/Home/GetActionChart','2026-04-03 17:23:09.7062853',0.0194762,'','::ffff:127.0.0.1',0,NULL,NULL,NULL,NULL,NULL);
INSERT INTO "ActionLogs" VALUES ('AF0B95F6-2948-4BD0-9138-15EE54E5E460','菜单管理','搜索','admin','/_admin/frameworkmenu','2026-04-03 17:23:15.0486284',0.928383,'','::ffff:127.0.0.1',0,NULL,NULL,NULL,NULL,NULL);
INSERT INTO "ActionLogs" VALUES ('41A7571D-A73D-4E74-8559-F8BD11DBC5F4','菜单管理','搜索','admin','/_Admin/FrameworkMenu/Search','2026-04-03 17:23:15.492134',0.2660227,'','::ffff:127.0.0.1',0,NULL,NULL,NULL,NULL,NULL);
INSERT INTO "ActionLogs" VALUES ('9154D766-0022-4A49-98CF-7174E452E0D1','菜单管理','删除','admin','/_Admin/FrameworkMenu/Delete','2026-04-03 17:23:26.7334686',0.9071153,'','::ffff:127.0.0.1',0,NULL,NULL,NULL,NULL,NULL);
INSERT INTO "ActionLogs" VALUES ('39873B0F-C416-4123-A933-C0578FD0B4BE','菜单管理','删除','admin','/_Admin/FrameworkMenu/Delete','2026-04-03 17:23:28.0850903',0.1286949,'','::ffff:127.0.0.1',0,NULL,NULL,NULL,NULL,NULL);
INSERT INTO "ActionLogs" VALUES ('3932C63F-60F7-4FD9-944A-760AFA702445','日志','搜索','admin','/_Admin/ActionLog/Search','2026-04-10 14:42:42.8261046',0.00735,'','::1',0,NULL,NULL,NULL,NULL,NULL);
INSERT INTO "ActionLogs" VALUES ('813C23B0-2419-4ED8-ADCE-A61703818451','日志','批量删除','admin','/_Admin/ActionLog/BatchDelete','2026-04-10 14:42:47.1735988',0.0323322,'','::1',0,NULL,NULL,NULL,NULL,NULL);
INSERT INTO "ActionLogs" VALUES ('D50E7B68-A4F3-4812-BAAC-958C7566E02B','日志','批量删除','admin','/_Admin/ActionLog/DoBatchDelete','2026-04-10 14:42:48.8636824',0.0660866,'','::1',0,NULL,NULL,NULL,NULL,NULL);
INSERT INTO "ActionLogs" VALUES ('634B687E-2410-4C78-A4FD-F6B7C552BFA6','日志','搜索','admin','/_Admin/ActionLog/Search','2026-04-10 14:42:48.8999562',0.0071073,'','::1',0,NULL,NULL,NULL,NULL,NULL);
INSERT INTO "DeviceConfigs" VALUES ('0417467B-489B-43E2-BDDA-4B7E32F60A79',NULL,NULL,0,'最小通讯周期ms','MinPeriod','59FA75BB-F044-4CB0-962E-A52D09935827','',NULL,NULL,'100');
INSERT INTO "DeviceConfigs" VALUES ('0AB0D602-7A63-44D6-BA69-2D7C5C585DDD',NULL,NULL,0,'超时时间ms','Timeout','2F4E4762-CCF5-40F5-90FC-3895F00A840E','',NULL,NULL,'3000');
INSERT INTO "DeviceConfigs" VALUES ('0D12278F-FE15-4153-8FC1-3E3B503C0988',NULL,NULL,0,'数据位','DataBits','2F4E4762-CCF5-40F5-90FC-3895F00A840E','',NULL,NULL,'8');
INSERT INTO "DeviceConfigs" VALUES ('0EBC09F1-AD0D-4C74-89C1-B88F1F3DF5D8',NULL,NULL,0,'最小通讯周期ms','MinPeriod','9C95243D-CC43-4D4F-A35F-372E927282E5','',NULL,NULL,'3000');
INSERT INTO "DeviceConfigs" VALUES ('12692B7D-208E-47E8-826A-0A6C45CADAB8',NULL,NULL,0,'设备Id','DeviceId','59FA75BB-F044-4CB0-962E-A52D09935827','',NULL,NULL,'');
INSERT INTO "DeviceConfigs" VALUES ('19FF2E95-7795-4056-9E78-E09474245DD7',NULL,NULL,0,'PLC类型','CpuType','9C95243D-CC43-4D4F-A35F-372E927282E5','{"None":0,"A_1E":1,"Qna_3E":2}',NULL,NULL,'Qna_3E');
INSERT INTO "DeviceConfigs" VALUES ('2261CB1D-713E-4B00-B165-8264E199D8AC',NULL,NULL,0,'设备Id','DeviceId','782AECCE-8A3D-48A5-BBE0-E2B2F9226453','',NULL,NULL,'10');
INSERT INTO "DeviceConfigs" VALUES ('23476C44-393F-484D-BA3A-E61D580709F2',NULL,NULL,0,'最小通讯周期ms','MinPeriod','84E3DA5D-33F8-4E22-A33C-CFA3FF580A96','',NULL,NULL,'3000');
INSERT INTO "DeviceConfigs" VALUES ('272A2D37-B92D-465E-9B39-A06467C29FD8',NULL,NULL,0,'设备Id','DeviceId','058AC154-522A-409E-83D0-C6424A2A6F6B','',NULL,NULL,'');
INSERT INTO "DeviceConfigs" VALUES ('27C1E3D0-F350-4DEF-8D27-36EDB1F60D8C',NULL,NULL,0,'设备Id','DeviceId','CC23257F-5D22-43F6-B445-48BC55EC5932','',NULL,NULL,'');
INSERT INTO "DeviceConfigs" VALUES ('28851F97-0001-45BD-B57C-5F2A67F857AD',NULL,NULL,0,'最小通讯周期ms','MinPeriod','782AECCE-8A3D-48A5-BBE0-E2B2F9226453','',NULL,NULL,'3000');
INSERT INTO "DeviceConfigs" VALUES ('2C74A526-C434-485A-A73E-0F0BA401E1A3',NULL,NULL,0,'最小通讯周期ms','MinPeriod','CC23257F-5D22-43F6-B445-48BC55EC5932','',NULL,NULL,'3000');
INSERT INTO "DeviceConfigs" VALUES ('305F51E5-3C7B-4A35-BED4-845614C5DD93',NULL,NULL,0,'超时时间ms','Timeout','9C95243D-CC43-4D4F-A35F-372E927282E5','',NULL,NULL,'3000');
INSERT INTO "DeviceConfigs" VALUES ('3346329F-EAE5-49FB-B01E-9D5E595B01FC',NULL,NULL,0,'IP地址','IpAddress','2F4E4762-CCF5-40F5-90FC-3895F00A840E','',NULL,NULL,'127.0.0.1');
INSERT INTO "DeviceConfigs" VALUES ('33543C47-37BE-441B-9498-49FF3C956F4A',NULL,NULL,0,'Slot','Slot','9C196500-6CDC-4F13-A082-B25FCF86044E','',NULL,NULL,'0');
INSERT INTO "DeviceConfigs" VALUES ('337136A3-5FE7-4DB4-A49F-692EAA52F7F9',NULL,NULL,0,'最小通讯周期ms','MinPeriod','2F4E4762-CCF5-40F5-90FC-3895F00A840E','',NULL,NULL,'3000');
INSERT INTO "DeviceConfigs" VALUES ('37F657C0-19C5-4078-B996-1BBC7E7330D2',NULL,NULL,0,'设备Id','DeviceId','9C196500-6CDC-4F13-A082-B25FCF86044E','',NULL,NULL,'');
INSERT INTO "DeviceConfigs" VALUES ('3B40A13D-A1BA-4520-91DA-9A86F2158F9B',NULL,NULL,0,'超时时间ms','Timeout','058AC154-522A-409E-83D0-C6424A2A6F6B','',NULL,NULL,'3000');
INSERT INTO "DeviceConfigs" VALUES ('3FDEA6A8-0F81-4119-BDE5-CAD869BC9B5E',NULL,NULL,0,'IP地址','IpAddress','9C95243D-CC43-4D4F-A35F-372E927282E5','',NULL,NULL,'127.0.0.1');
INSERT INTO "DeviceConfigs" VALUES ('467073CA-B4AD-414A-825F-196C06B1D727',NULL,NULL,0,'主站类型','MasterType','59FA75BB-F044-4CB0-962E-A52D09935827','{"Tcp":0,"Udp":1,"Rtu":2,"RtuOnTcp":3,"RtuOnUdp":4,"Ascii":5,"AsciiOnTcp":6,"AsciiOnUdp":7}',NULL,NULL,'Tcp');
INSERT INTO "DeviceConfigs" VALUES ('4D2F61F5-6C2D-458F-987A-8B157841283B',NULL,NULL,0,'IP地址','IpAddress','59FA75BB-F044-4CB0-962E-A52D09935827','',NULL,NULL,'127.0.0.1');
INSERT INTO "DeviceConfigs" VALUES ('53B3DA16-AEF8-46EA-B6AA-2698D70A3712',NULL,NULL,0,'PLC类型','CpuType','9C196500-6CDC-4F13-A082-B25FCF86044E','{"S7200":0,"Logo0BA8":1,"S7200Smart":2,"S7300":10,"S7400":20,"S71200":30,"S71500":40}',NULL,NULL,'S71200');
INSERT INTO "DeviceConfigs" VALUES ('556C553C-6BE7-4F18-8E68-091B9E5B1776',NULL,NULL,0,'端口号','Port','782AECCE-8A3D-48A5-BBE0-E2B2F9226453','',NULL,NULL,'44818');
INSERT INTO "DeviceConfigs" VALUES ('5B2F2E5D-03BF-487F-87A0-697131A5FCED',NULL,NULL,0,'IP地址','IpAddress','84E3DA5D-33F8-4E22-A33C-CFA3FF580A96','',NULL,NULL,'127.0.0.1');
INSERT INTO "DeviceConfigs" VALUES ('5D1253F4-562A-4E46-9198-74A428A63931',NULL,NULL,0,'端口号','Port','2F4E4762-CCF5-40F5-90FC-3895F00A840E','',NULL,NULL,'503');
INSERT INTO "DeviceConfigs" VALUES ('6268BCDD-75AC-4E22-B156-2493D6AA6F47',NULL,NULL,0,'端口号','Port','84E3DA5D-33F8-4E22-A33C-CFA3FF580A96','',NULL,NULL,'6000');
INSERT INTO "DeviceConfigs" VALUES ('64F9C0D1-6066-4AF2-9977-02592CB198F7',NULL,NULL,0,'Rack','Rack','9C196500-6CDC-4F13-A082-B25FCF86044E','',NULL,NULL,'0');
INSERT INTO "DeviceConfigs" VALUES ('66E5DD19-8B50-4837-B645-23F3E9B2A8B9',NULL,NULL,0,'数据位','DataBits','59FA75BB-F044-4CB0-962E-A52D09935827','',NULL,NULL,'8');
INSERT INTO "DeviceConfigs" VALUES ('6EFAB7EB-53C6-496F-89DA-06E6B10A93C0',NULL,NULL,0,'串口名','PortName','59FA75BB-F044-4CB0-962E-A52D09935827','',NULL,NULL,'COM1');
INSERT INTO "DeviceConfigs" VALUES ('6EFF2022-B46D-4885-9112-7A84E0C98CDD',NULL,NULL,0,'OpcServerName','OpcServerName','CC23257F-5D22-43F6-B445-48BC55EC5932','',NULL,NULL,'ICONICS.SimulatorOPCDA.2');
INSERT INTO "DeviceConfigs" VALUES ('70EE82CC-5739-4EE0-AED4-97D547FA44CC',NULL,NULL,0,'PLC类型','PlcType','2F4E4762-CCF5-40F5-90FC-3895F00A840E','{"S7200":0,"S7300":1,"S7400":2,"S71200":3,"S71500":4}',NULL,NULL,'S71200');
INSERT INTO "DeviceConfigs" VALUES ('717544B3-BABB-472D-BA96-1D0EACCC67B0',NULL,NULL,0,'设备Id','DeviceId','84E3DA5D-33F8-4E22-A33C-CFA3FF580A96','',NULL,NULL,'');
INSERT INTO "DeviceConfigs" VALUES ('7BAE6F69-D046-4CB6-8817-480C87CDC2C7',NULL,NULL,0,'波特率','BaudRate','59FA75BB-F044-4CB0-962E-A52D09935827','',NULL,NULL,'9600');
INSERT INTO "DeviceConfigs" VALUES ('7CC1DB59-3558-4C11-BB3A-1548250C5AD4',NULL,NULL,0,'端口号','Port','59FA75BB-F044-4CB0-962E-A52D09935827','',NULL,NULL,'503');
INSERT INTO "DeviceConfigs" VALUES ('7F7C58E8-D3BA-4ADD-9468-4B18BC0B833C',NULL,NULL,0,'设备Id','DeviceId','2F4E4762-CCF5-40F5-90FC-3895F00A840E','',NULL,NULL,'');
INSERT INTO "DeviceConfigs" VALUES ('8C128138-B581-472F-B1C7-63C10BAD24B4',NULL,NULL,0,'停止位','StopBits','2F4E4762-CCF5-40F5-90FC-3895F00A840E','{"None":0,"One":1,"Two":2,"OnePointFive":3}',NULL,NULL,'One');
INSERT INTO "DeviceConfigs" VALUES ('935AF329-8636-40B4-AD82-1602E239D31E',NULL,NULL,0,'超时时间ms','Timeout','84E3DA5D-33F8-4E22-A33C-CFA3FF580A96','',NULL,NULL,'3000');
INSERT INTO "DeviceConfigs" VALUES ('9C77160A-9316-45C8-B43D-A3C9D8538D62',NULL,NULL,0,'IP地址','IpAddress','782AECCE-8A3D-48A5-BBE0-E2B2F9226453','',NULL,NULL,'127.0.0.1');
INSERT INTO "DeviceConfigs" VALUES ('9E1CBB57-817B-49C0-AE7C-607A41099EA3',NULL,NULL,0,'主站类型','MasterType','2F4E4762-CCF5-40F5-90FC-3895F00A840E','{"Tcp":0,"Udp":1,"Rtu":2,"RtuOnTcp":3,"RtuOnUdp":4,"Ascii":5,"AsciiOnTcp":6,"AsciiOnUdp":7}',NULL,NULL,'Tcp');
INSERT INTO "DeviceConfigs" VALUES ('A2BA3AA4-C6EC-48EF-A256-1208BF8E7083',NULL,NULL,0,'IP','Ip','CC23257F-5D22-43F6-B445-48BC55EC5932','',NULL,NULL,'127.0.0.1');
INSERT INTO "DeviceConfigs" VALUES ('A7D9AD59-3AD2-4C0C-8991-599449AD6072',NULL,NULL,0,'uri','Uri','058AC154-522A-409E-83D0-C6424A2A6F6B','',NULL,NULL,'opc.tcp://localhost:62541/Quickstarts/ReferenceServer');
INSERT INTO "DeviceConfigs" VALUES ('AE85B132-D5E0-46C6-93D2-C9AAD386C196',NULL,NULL,0,'校验位','Parity','2F4E4762-CCF5-40F5-90FC-3895F00A840E','{"None":0,"Odd":1,"Even":2,"Mark":3,"Space":4}',NULL,NULL,'None');
INSERT INTO "DeviceConfigs" VALUES ('AF131717-246A-4E34-A96D-ABE9EA418B30',NULL,NULL,0,'超时时间ms','Timeout','CC23257F-5D22-43F6-B445-48BC55EC5932','',NULL,NULL,'3000');
INSERT INTO "DeviceConfigs" VALUES ('B05AA11C-22DF-437B-8BDC-6D1E963DE7B8',NULL,NULL,0,'超时时间ms','Timeout','9C196500-6CDC-4F13-A082-B25FCF86044E','',NULL,NULL,'3000');
INSERT INTO "DeviceConfigs" VALUES ('B8A756B9-C390-4903-A655-01A36480AAE9',NULL,NULL,0,'校验位','Parity','59FA75BB-F044-4CB0-962E-A52D09935827','{"None":0,"Odd":1,"Even":2,"Mark":3,"Space":4}',NULL,NULL,'None');
INSERT INTO "DeviceConfigs" VALUES ('BAE41643-B84B-44EF-BFA6-9B3972678BC6',NULL,NULL,0,'串口名','PortName','2F4E4762-CCF5-40F5-90FC-3895F00A840E','',NULL,NULL,'COM1');
INSERT INTO "DeviceConfigs" VALUES ('BCAD176F-E0FF-41CD-A839-64AFA1E6B915',NULL,NULL,0,'设备Id','DeviceId','9C95243D-CC43-4D4F-A35F-372E927282E5','',NULL,NULL,'');
INSERT INTO "DeviceConfigs" VALUES ('BFE3DEA2-81CD-4B65-9FF4-F042F0002CA3',NULL,NULL,0,'PLC类型','PlcType','59FA75BB-F044-4CB0-962E-A52D09935827','{"S7200":0,"S7300":1,"S7400":2,"S71200":3,"S71500":4}',NULL,NULL,'S71200');
INSERT INTO "DeviceConfigs" VALUES ('C0273368-A250-46F9-85C5-F8D0FAB754B2',NULL,NULL,0,'最小通讯周期ms','MinPeriod','9C196500-6CDC-4F13-A082-B25FCF86044E','',NULL,NULL,'3000');
INSERT INTO "DeviceConfigs" VALUES ('C0C0586B-9DAF-4846-985B-FC9E52199440',NULL,NULL,0,'波特率','BaudRate','2F4E4762-CCF5-40F5-90FC-3895F00A840E','',NULL,NULL,'9600');
INSERT INTO "DeviceConfigs" VALUES ('C51A9CEF-FB19-43A7-B222-1E5280A6F82F',NULL,NULL,0,'超时时间ms','Timeout','59FA75BB-F044-4CB0-962E-A52D09935827','',NULL,NULL,'3000');
INSERT INTO "DeviceConfigs" VALUES ('CAFF23DE-9DC2-46F1-B7BA-3CC3C6E552B2',NULL,NULL,0,'超时时间ms','Timeout','782AECCE-8A3D-48A5-BBE0-E2B2F9226453','',NULL,NULL,'3000');
INSERT INTO "DeviceConfigs" VALUES ('CED0901B-00B7-4F68-832D-415ACA8D9C46',NULL,NULL,0,'从站号','SlaveAddress','2F4E4762-CCF5-40F5-90FC-3895F00A840E','',NULL,NULL,'1');
INSERT INTO "DeviceConfigs" VALUES ('CF3AFEF8-691F-4E79-8908-3B1FEBC700BB',NULL,NULL,0,'从站号','SlaveAddress','59FA75BB-F044-4CB0-962E-A52D09935827','',NULL,NULL,'1');
INSERT INTO "DeviceConfigs" VALUES ('DB0CAEAA-8148-4F74-BF97-9CCFA80A53AE',NULL,NULL,0,'停止位','StopBits','59FA75BB-F044-4CB0-962E-A52D09935827','{"None":0,"One":1,"Two":2,"OnePointFive":3}',NULL,NULL,'One');
INSERT INTO "DeviceConfigs" VALUES ('DB8BC9A2-D0FF-47B2-8E9C-8328A243BA57',NULL,NULL,0,'端口号','Port','9C196500-6CDC-4F13-A082-B25FCF86044E','',NULL,NULL,'102');
INSERT INTO "DeviceConfigs" VALUES ('E9CDC280-90DD-47BB-A80E-BD89410289FC',NULL,NULL,0,'端口号','Port','9C95243D-CC43-4D4F-A35F-372E927282E5','',NULL,NULL,'6000');
INSERT INTO "DeviceConfigs" VALUES ('FBDAAB67-DA03-4915-AEB9-9882DFB7429A',NULL,NULL,0,'IP地址','IpAddress','9C196500-6CDC-4F13-A082-B25FCF86044E','',NULL,NULL,'127.0.0.1');
INSERT INTO "DeviceConfigs" VALUES ('FDB35482-E7E0-440B-AF8E-AB5DDEF55895',NULL,NULL,0,'最小通讯周期ms','MinPeriod','058AC154-522A-409E-83D0-C6424A2A6F6B','',NULL,NULL,'3000');
INSERT INTO "DeviceVariables" VALUES ('05BB8843-42D9-4A2C-8724-DB2D334E6C3D','',4,NULL,'A1','782AECCE-8A3D-48A5-BBE0-E2B2F9226453',0,'',11,0,1,'Read','A1',0);
INSERT INTO "DeviceVariables" VALUES ('07828A68-9F93-466C-9507-A8042DA99896','',4,NULL,'h0','84E3DA5D-33F8-4E22-A33C-CFA3FF580A96',0,'',29,0,1,'Read','879',0);
INSERT INTO "DeviceVariables" VALUES ('0CC71191-7108-4303-8A4F-A11B05666FDC','气表',7,NULL,'2|11','2F4E4762-CCF5-40F5-90FC-3895F00A840E',3,'',8,0,1,'HoldingRegisters','用量',0);
INSERT INTO "DeviceVariables" VALUES ('142D496A-182B-4B8A-8BFB-0DBEF61DE3B1','',0,'上升沿','1','59FA75BB-F044-4CB0-962E-A52D09935827',0,'$ppv==0&amp;&amp;$pv==1&amp;&amp;raw==1',12,1,1,'Coil','coil1',0);
INSERT INTO "DeviceVariables" VALUES ('1DAD15D7-8BC3-4969-80CC-A0A790CBB5C4','',1,NULL,'DB10.DBX0.1','9C196500-6CDC-4F13-A082-B25FCF86044E',0,'',34,0,1,'Read','bool',0);
INSERT INTO "DeviceVariables" VALUES ('2377B87C-A690-4B11-A599-1B972C1A49D5','电表',4,NULL,'1|5','2F4E4762-CCF5-40F5-90FC-3895F00A840E',0,'',9,0,1,'HoldingRegisters','电压',0);
INSERT INTO "DeviceVariables" VALUES ('2E9E49AD-67BA-4716-B9F0-7EA0C5475A52','',2,NULL,'DB10.DBB0','9C196500-6CDC-4F13-A082-B25FCF86044E',0,'',39,0,1,'Read','pressure',0);
INSERT INTO "DeviceVariables" VALUES ('33D330D3-B157-4F42-84E1-BD06BFEA7F2B','水表',4,NULL,'3|100','2F4E4762-CCF5-40F5-90FC-3895F00A840E',0,'',5,0,1,'HoldingRegisters','流速',0);
INSERT INTO "DeviceVariables" VALUES ('36A015E1-F0E1-403F-8F5A-15316BE3FFD3','',5,NULL,'D201','9C95243D-CC43-4D4F-A35F-372E927282E5',0,'',27,0,1,'Read','D201',0);
INSERT INTO "DeviceVariables" VALUES ('3961CF9A-73FE-4883-99F2-13E02523FAD3','',1,NULL,'M100','84E3DA5D-33F8-4E22-A33C-CFA3FF580A96',0,'',32,0,1,'Read','M100',0);
INSERT INTO "DeviceVariables" VALUES ('44ED0CC3-1142-4B07-A6A8-5A2700E81B23','',4,NULL,'DB10.DBW2','9C196500-6CDC-4F13-A082-B25FCF86044E',0,'',37,0,1,'Read','dbw',0);
INSERT INTO "DeviceVariables" VALUES ('4B2CF012-B12D-4376-B8EE-0BDC755C0C43','',14,NULL,'DB100.DBB20,10','9C196500-6CDC-4F13-A082-B25FCF86044E',0,'',35,0,1,'ReadByteString','ByteString',0);
INSERT INTO "DeviceVariables" VALUES ('4D2E95CA-54DC-46D7-AFBF-1E1AE95BBF80','',4,NULL,'1','59FA75BB-F044-4CB0-962E-A52D09935827',0,'raw/100.0',14,0,1,'HoldingRegisters','humidity',0);
INSERT INTO "DeviceVariables" VALUES ('50B0276C-D2FD-4D83-9962-CD5AE134EE52','',4,NULL,'ns=2;s=设备组.Modbus.random','058AC154-522A-409E-83D0-C6424A2A6F6B',0,'',25,0,1,'ReadNode','Modbus.random',0);
INSERT INTO "DeviceVariables" VALUES ('52603F67-F19D-45B5-A365-807A684BE6D0','',4,NULL,'0','59FA75BB-F044-4CB0-962E-A52D09935827',0,'(raw&gt;&gt;5&amp;1)==1',23,0,1,'HoldingRegisters','取某位Bool',0);
INSERT INTO "DeviceVariables" VALUES ('5E50CC9E-32E8-4D67-A936-4778109E708F','',4,NULL,'D200','84E3DA5D-33F8-4E22-A33C-CFA3FF580A96',0,'',30,0,1,'Read','D200',0);
INSERT INTO "DeviceVariables" VALUES ('6F55709D-360D-41CC-BAD8-A0A2993999ED','',19,NULL,'3,0,50,缓存1','59FA75BB-F044-4CB0-962E-A52D09935827',0,'',0,0,0,'ReadMultiple','连读缓存',0);
INSERT INTO "DeviceVariables" VALUES ('7D166EA3-539C-40C0-9254-313D8C2759BC','',0,NULL,'DB10.DBX0.0','9C196500-6CDC-4F13-A082-B25FCF86044E',0,'',33,0,1,'Read','bit',0);
INSERT INTO "DeviceVariables" VALUES ('7DC3B074-D458-4359-93C1-942669F76C6C','',5,NULL,'D201','84E3DA5D-33F8-4E22-A33C-CFA3FF580A96',0,'',31,0,1,'Read','D201',0);
INSERT INTO "DeviceVariables" VALUES ('7E473CAF-9908-4066-973B-3C06105C00BA','',4,NULL,'6','59FA75BB-F044-4CB0-962E-A52D09935827',0,'raw*0.01',18,0,1,'HoldingRegisters','random4',0);
INSERT INTO "DeviceVariables" VALUES ('7E8A342C-AC9A-4FED-98DC-D8F422149753','',0,NULL,'','CC23257F-5D22-43F6-B445-48BC55EC5932',0,'',24,0,1,'Read','Text001',0);
INSERT INTO "DeviceVariables" VALUES ('80BF415B-958A-491E-8EEB-7BD0C2B7F55D','水表',9,NULL,'3|300','2F4E4762-CCF5-40F5-90FC-3895F00A840E',0,'',7,0,1,'HoldingRegisters','用量',0);
INSERT INTO "DeviceVariables" VALUES ('8B54BB25-50E4-4012-86E0-6356D342CB77','气表',9,NULL,'2|10','2F4E4762-CCF5-40F5-90FC-3895F00A840E',0,'',4,0,1,'Coil','流速',0);
INSERT INTO "DeviceVariables" VALUES ('8E135052-6E39-49E0-B296-09ED73E1EA3F','',0,NULL,'2','59FA75BB-F044-4CB0-962E-A52D09935827',0,'raw==1',15,0,1,'Input','input2',0);
INSERT INTO "DeviceVariables" VALUES ('93A118E1-B24E-4ACA-A5D7-24CB7B923387','电表',7,NULL,'1|9','2F4E4762-CCF5-40F5-90FC-3895F00A840E',0,'',10,0,1,'HoldingRegisters','电流',0);
INSERT INTO "DeviceVariables" VALUES ('98E06AFF-F8EC-499D-9E78-CEBC1A9A6995','',4,NULL,'3','59FA75BB-F044-4CB0-962E-A52D09935827',0,'raw&amp;15',13,0,1,'HoldingRegisters','holdingR3',0);
INSERT INTO "DeviceVariables" VALUES ('A4106FBC-41F4-4E76-B348-6CA7476134E6','',4,NULL,'2','59FA75BB-F044-4CB0-962E-A52D09935827',0,'raw>10000',17,0,1,'HoldingRegisters','random',0);
INSERT INTO "DeviceVariables" VALUES ('A5F65A80-57B7-4809-BE18-F8825F9CB942','电表',7,NULL,'1|3','2F4E4762-CCF5-40F5-90FC-3895F00A840E',0,'',6,0,1,'HoldingRegisters','用电量',0);
INSERT INTO "DeviceVariables" VALUES ('AD73F946-4FE4-4A06-9447-2710D2454AC3','',4,NULL,'缓存1,0','59FA75BB-F044-4CB0-962E-A52D09935827',0,'',2,0,1,'ReadFromCache','缓存读取',0);
INSERT INTO "DeviceVariables" VALUES ('B2607F8B-A2E0-4EE1-905D-3DB699AD9FD5','',4,NULL,'0','59FA75BB-F044-4CB0-962E-A52D09935827',0,'raw&gt;&gt;5&amp;1',22,0,1,'HoldingRegisters','取某位',0);
INSERT INTO "DeviceVariables" VALUES ('B35D0011-5093-4ED6-BA64-C23B3DE835E3','',4,NULL,'0','59FA75BB-F044-4CB0-962E-A52D09935827',0,'raw/100.0',20,0,1,'HoldingRegisters','temperature',0);
INSERT INTO "DeviceVariables" VALUES ('BBD5DAA7-B49C-4622-909E-BC60B1894136','',4,NULL,'4','59FA75BB-F044-4CB0-962E-A52D09935827',0,'',16,0,1,'InputRegisters','inputR4',0);
INSERT INTO "DeviceVariables" VALUES ('C793273E-4ECA-41E2-8B04-29B64D125BEE','',4,'','21','59FA75BB-F044-4CB0-962E-A52D09935827',0,'raw*0.1',19,0,1,'HoldingRegisters','setTemperature',1);
INSERT INTO "DeviceVariables" VALUES ('D5FD772E-E26E-4B00-A134-E9BEFC84AE7C','',9,NULL,'DB10.DBD12','9C196500-6CDC-4F13-A082-B25FCF86044E',0,'',38,0,1,'Read','float',0);
INSERT INTO "DeviceVariables" VALUES ('DBD21CD8-865F-4621-9261-A175D2D3E701','电表',0,NULL,'1|6','2F4E4762-CCF5-40F5-90FC-3895F00A840E',0,'',3,0,1,'Coil','开关',0);
INSERT INTO "DeviceVariables" VALUES ('E329C581-4DB1-45BA-BEAA-D52C5DEFDB18','',9,NULL,'VD200','9C95243D-CC43-4D4F-A35F-372E927282E5',0,'',26,0,1,'Read','D200',0);
INSERT INTO "DeviceVariables" VALUES ('E9F7EEE7-B444-4422-AF13-A699209C92CA','',1,NULL,'M100','9C95243D-CC43-4D4F-A35F-372E927282E5',0,'',28,0,1,'Read','M100',0);
INSERT INTO "DeviceVariables" VALUES ('EC3DF9FF-8B5A-496E-B34F-E602FBA1E60F','',4,NULL,'2','59FA75BB-F044-4CB0-962E-A52D09935827',0,'raw&gt;10000?&quot;是&quot;:&quot;否&quot;',21,0,1,'HoldingRegisters','三元表达式可嵌套',0);
INSERT INTO "DeviceVariables" VALUES ('F62B6D1B-D233-48BA-9192-CE06547C20B6','',14,NULL,'DB100.DBB10','9C196500-6CDC-4F13-A082-B25FCF86044E',0,'',40,0,1,'Read','string',0);
INSERT INTO "DeviceVariables" VALUES ('F897C074-18AA-4718-9176-9000D33BD49E','',7,NULL,'DB10.DBD4','9C196500-6CDC-4F13-A082-B25FCF86044E',0,'',36,0,1,'Read','dbd',0);
INSERT INTO "DeviceVariables" VALUES ('FCC9A338-7D30-4814-AA48-AEF82F505584','电表',6,NULL,'1|20','2F4E4762-CCF5-40F5-90FC-3895F00A840E',0,'',2,0,1,'HoldingRegisters','功率',0);
INSERT INTO "Devices" VALUES ('AFBC6D74-E668-47EC-B236-B670B0F468D7',0,0,0,NULL,NULL,'','devices',0,NULL,0,1,NULL,'admin','2026-04-03 23:25:39.0954783');
INSERT INTO "Devices" VALUES ('058AC154-522A-409E-83D0-C6424A2A6F6B',0,0,0,NULL,NULL,NULL,'OPCUA',1,'DC179C45-B1E2-4244-AEB0-4D10EC74F3C4',0,3,'AFBC6D74-E668-47EC-B236-B670B0F468D7',NULL,NULL);
INSERT INTO "Devices" VALUES ('2F4E4762-CCF5-40F5-90FC-3895F00A840E',1,0,10,NULL,NULL,'','485总线',1,'C3FE0D3D-B70E-41AA-B179-7B6FA91EDF27',0,0,'AFBC6D74-E668-47EC-B236-B670B0F468D7','admin','2024-05-31 23:38:42.2683647');
INSERT INTO "Devices" VALUES ('59FA75BB-F044-4CB0-962E-A52D09935827',1,1,10,NULL,NULL,NULL,'Modbus',1,'C3FE0D3D-B70E-41AA-B179-7B6FA91EDF27',10000,1,'AFBC6D74-E668-47EC-B236-B670B0F468D7',NULL,NULL);
INSERT INTO "Devices" VALUES ('782AECCE-8A3D-48A5-BBE0-E2B2F9226453',0,0,0,NULL,NULL,NULL,'AB-PLC',1,'53FA9BF0-7542-4BB1-9AFC-65A9B625E5F6',0,5,'AFBC6D74-E668-47EC-B236-B670B0F468D7',NULL,NULL);
INSERT INTO "Devices" VALUES ('84E3DA5D-33F8-4E22-A33C-CFA3FF580A96',0,0,0,NULL,NULL,NULL,'欧姆龙PLC',1,'C692A356-B045-4C9D-9D54-0D578399DED6',0,8,'AFBC6D74-E668-47EC-B236-B670B0F468D7',NULL,NULL);
INSERT INTO "Devices" VALUES ('9C196500-6CDC-4F13-A082-B25FCF86044E',0,0,10,NULL,NULL,NULL,'西门子PLC',1,'414BF0FB-AF4A-42BF-944E-207152C7CBCD',1000,2,'AFBC6D74-E668-47EC-B236-B670B0F468D7',NULL,NULL);
INSERT INTO "Devices" VALUES ('9C95243D-CC43-4D4F-A35F-372E927282E5',0,0,0,NULL,NULL,NULL,'三菱PLC',1,'87C9EBC6-F7A8-4820-B04B-672BD0156870',0,4,'AFBC6D74-E668-47EC-B236-B670B0F468D7',NULL,NULL);
INSERT INTO "Devices" VALUES ('CC23257F-5D22-43F6-B445-48BC55EC5932',0,0,0,NULL,NULL,NULL,'OPCDA',1,'3EE74A7A-E3DB-4FF1-A2D4-2F0800DDF281',0,9,'AFBC6D74-E668-47EC-B236-B670B0F468D7',NULL,NULL);
INSERT INTO "Drivers" VALUES ('C3FE0D3D-B70E-41AA-B179-7B6FA91EDF27','PLC.ModBusMaster.DeviceModBusMaster',10,'admin','2021-12-16 16:04:20.2854492','ModbusMaster驱动','PLC.ModBusMaster.dll','admin','2021-12-16 16:04:47.2658871');
INSERT INTO "Drivers" VALUES ('414BF0FB-AF4A-42BF-944E-207152C7CBCD','PLC.SiemensS7.DeviceSiemensS7',10,'admin','2021-12-16 16:07:20.6810427','西门子PLC驱动','PLC.SiemensS7.dll',NULL,NULL);
INSERT INTO "Drivers" VALUES ('DC179C45-B1E2-4244-AEB0-4D10EC74F3C4','OPC.UaClient.DeviceUaClient',10,'admin','2021-12-24 12:46:37.3263227','OPCUaClient驱动','OPC.UaClient.dll','admin','2022-11-21 09:33:01.648768');
INSERT INTO "Drivers" VALUES ('53FA9BF0-7542-4BB1-9AFC-65A9B625E5F6','PLC.AllenBradley.DeviceAllenBradley',10,'admin','2022-01-16 00:13:10.5268558','AllenBradley驱动','PLC.AllenBradley.dll',NULL,NULL);
INSERT INTO "Drivers" VALUES ('87C9EBC6-F7A8-4820-B04B-672BD0156870','PLC.MelsecMc.DeviceMelsecMc',10,'admin','2022-01-16 00:13:45.4258645','三菱PLC驱动','PLC.MelsecMc.dll',NULL,NULL);
INSERT INTO "Drivers" VALUES ('C692A356-B045-4C9D-9D54-0D578399DED6','PLC.OmronFins.DeviceOmronFins',10,'admin','2022-01-16 00:14:04.2407394','欧姆龙PLC驱动','PLC.OmronFins.dll',NULL,NULL);
INSERT INTO "Drivers" VALUES ('3EE74A7A-E3DB-4FF1-A2D4-2F0800DDF281','OPC.DaClient.DeviceDaClient',10,'admin','2022-11-21 09:33:31.6087912','OPCDaClient驱动','OPC.DaClient.dll',NULL,NULL);
INSERT INTO "FrameworkGroups" VALUES ('5AA1F68E-CE26-4549-A48F-600AD40F8E80','1','A组','','',NULL,NULL);
INSERT INTO "FrameworkGroups" VALUES ('D51BAF78-77FC-4889-93F0-36725E90EC37','2','B组','','',NULL,NULL);
INSERT INTO "FrameworkMenus" VALUES ('2610CC93-4B18-477B-AE25-65BA8C7833BA','MenuKey.SystemManagement',NULL,NULL,1,0,NULL,NULL,NULL,1,0,99,1,1,NULL,'layui-icon layui-icon-set',NULL);
INSERT INTO "FrameworkMenus" VALUES ('C00F0D1C-E422-41DA-B9A6-9D922C3DA51F','MenuKey.Api',NULL,NULL,1,0,NULL,NULL,NULL,0,0,100,1,1,NULL,NULL,NULL);
INSERT INTO "FrameworkMenus" VALUES ('17D561DA-6C36-4F6F-B0C6-B8801FE4083A','MenuKey.ActionLog','Sys.Search','日志',0,0,'WalkingTec.Mvvm.Mvc.Admin.Controllers,ActionLog',NULL,NULL,1,0,1,1,1,'/_admin/actionlog','layui-icon layui-icon-form','2610CC93-4B18-477B-AE25-65BA8C7833BA');
INSERT INTO "FrameworkMenus" VALUES ('32FEB2D0-4496-4C0A-8007-ECA77A7F6ED2','MenuKey.MenuMangement','Sys.Search','菜单管理',0,0,'WalkingTec.Mvvm.Mvc.Admin.Controllers,FrameworkMenu',NULL,NULL,1,0,5,1,0,'/_admin/frameworkmenu','layui-icon layui-icon-menu-fill','2610CC93-4B18-477B-AE25-65BA8C7833BA');
INSERT INTO "FrameworkMenus" VALUES ('39016344-C230-495B-A27D-80034A716D85','MenuKey.GroupManagement','MainPage','部门管理ApiApi',0,0,'WalkingTec.Mvvm.Admin.Api,FrameworkGroup',NULL,NULL,0,0,4,1,1,'/frameworkgroup',NULL,'C00F0D1C-E422-41DA-B9A6-9D922C3DA51F');
INSERT INTO "FrameworkMenus" VALUES ('49030C12-8C7C-4C4A-ACF7-DCBE7F87598E','MenuKey.RoleManagement','MainPage','角色管理ApiApi',0,0,'WalkingTec.Mvvm.Admin.Api,FrameworkRole',NULL,NULL,0,0,3,1,1,'/frameworkrole',NULL,'C00F0D1C-E422-41DA-B9A6-9D922C3DA51F');
INSERT INTO "FrameworkMenus" VALUES ('61658EEE-A950-42E5-BB11-023157EC58B7','MenuKey.DataPrivilege','Sys.Search','数据权限',0,0,'WalkingTec.Mvvm.Mvc.Admin.Controllers,DataPrivilege',NULL,NULL,1,0,6,1,1,'/_admin/dataprivilege','layui-icon layui-icon-auz','2610CC93-4B18-477B-AE25-65BA8C7833BA');
INSERT INTO "FrameworkMenus" VALUES ('7867B523-9162-4A3A-9193-222E6D11272E','MenuKey.UserManagement','MainPage','用户管理ApiApi',0,0,'WalkingTec.Mvvm.Admin.Api,FrameworkUser',NULL,NULL,0,0,2,1,1,'/frameworkuser',NULL,'C00F0D1C-E422-41DA-B9A6-9D922C3DA51F');
INSERT INTO "FrameworkMenus" VALUES ('99E1A296-EE89-48B6-857C-1441B982484D','MenuKey.ActionLog','MainPage','日志ApiApi',0,0,'WalkingTec.Mvvm.Admin.Api,ActionLog',NULL,NULL,0,0,1,1,1,'/actionlog',NULL,'C00F0D1C-E422-41DA-B9A6-9D922C3DA51F');
INSERT INTO "FrameworkMenus" VALUES ('B66F2EC7-C201-4353-BF54-921368C7BA54','MenuKey.DataPrivilege','MainPage','数据权限ApiApi',0,0,'WalkingTec.Mvvm.Admin.Api,DataPrivilege',NULL,NULL,0,0,6,1,1,'/dataprivilege',NULL,'C00F0D1C-E422-41DA-B9A6-9D922C3DA51F');
INSERT INTO "FrameworkMenus" VALUES ('C4594508-B706-43B2-8649-D0CF88E1C822','MenuKey.GroupManagement','Sys.Search','部门管理',0,0,'WalkingTec.Mvvm.Mvc.Admin.Controllers,FrameworkGroup',NULL,NULL,1,0,4,1,1,'/_admin/frameworkgroup','layui-icon layui-icon-group','2610CC93-4B18-477B-AE25-65BA8C7833BA');
INSERT INTO "FrameworkMenus" VALUES ('D3D8B379-EB1B-4114-BE04-F3877FA6C61D','MenuKey.MenuMangement','MainPage','菜单管理ApiApi',0,0,'WalkingTec.Mvvm.Admin.Api,FrameworkMenu',NULL,NULL,0,0,5,1,0,'/frameworkmenu',NULL,'C00F0D1C-E422-41DA-B9A6-9D922C3DA51F');
INSERT INTO "FrameworkMenus" VALUES ('D7F86435-93E8-4265-9426-70BF7BDF5FD9','MenuKey.RoleManagement','Sys.Search','角色管理',0,0,'WalkingTec.Mvvm.Mvc.Admin.Controllers,FrameworkRole',NULL,NULL,1,0,3,1,1,'/_admin/frameworkrole','layui-icon layui-icon-user','2610CC93-4B18-477B-AE25-65BA8C7833BA');
INSERT INTO "FrameworkMenus" VALUES ('E55A670E-AB27-4D05-AA87-B30D8C06A28F','MenuKey.UserManagement','Sys.Search','用户管理',0,0,'WalkingTec.Mvvm.Mvc.Admin.Controllers,FrameworkUser',NULL,NULL,1,0,2,1,1,'/_admin/frameworkuser','layui-icon layui-icon-friends','2610CC93-4B18-477B-AE25-65BA8C7833BA');
INSERT INTO "FrameworkMenus" VALUES ('F7C60094-4235-410D-8610-3356B5DBC8AE','MenuKey.FrameworkTenant','MainPage','租户管理ApiApi',0,0,'WalkingTec.Mvvm.Admin.Api,FrameworkTenant',NULL,NULL,0,0,7,1,1,'/frameworktenant',NULL,'C00F0D1C-E422-41DA-B9A6-9D922C3DA51F');
INSERT INTO "FrameworkMenus" VALUES ('0C702338-AC7D-42B8-BC97-4163D9FDC466','MenuKey.ActionLog','Sys.Delete','日志Api',0,0,'WalkingTec.Mvvm.Admin.Api,ActionLog','BatchDelete',NULL,0,0,3,1,1,'/api/_actionlog/batchdelete',NULL,'99E1A296-EE89-48B6-857C-1441B982484D');
INSERT INTO "FrameworkMenus" VALUES ('0EF613D7-BC89-46BD-90D6-E522B935DDF1','MenuKey.ActionLog','Sys.BatchDelete','日志',0,0,'WalkingTec.Mvvm.Mvc.Admin.Controllers,ActionLog','BatchDelete',NULL,0,0,4,1,1,'/_admin/actionlog/batchdelete',NULL,'17D561DA-6C36-4F6F-B0C6-B8801FE4083A');
INSERT INTO "FrameworkMenus" VALUES ('0F3CD56F-1888-4B48-8BD4-D87D4D02C1A4','MenuKey.RoleManagement','Sys.Edit','角色管理',0,0,'WalkingTec.Mvvm.Mvc.Admin.Controllers,FrameworkRole','Edit',NULL,0,0,2,1,1,'/_admin/frameworkrole/edit',NULL,'D7F86435-93E8-4265-9426-70BF7BDF5FD9');
INSERT INTO "FrameworkMenus" VALUES ('11AE312D-BED1-4FE7-BDF2-3D3103816B10','MenuKey.DataPrivilege','Sys.Create','数据权限Api',0,0,'WalkingTec.Mvvm.Admin.Api,DataPrivilege','Add',NULL,0,0,4,1,1,'/api/_dataprivilege/add',NULL,'B66F2EC7-C201-4353-BF54-921368C7BA54');
INSERT INTO "FrameworkMenus" VALUES ('17244F4C-1A68-4103-ACEE-A9D00019031C','MenuKey.GroupManagement','Sys.Edit','部门管理Api',0,0,'WalkingTec.Mvvm.Admin.Api,FrameworkGroup','Edit',NULL,0,0,2,1,1,'/api/_frameworkgroup/edit',NULL,'39016344-C230-495B-A27D-80034A716D85');
INSERT INTO "FrameworkMenus" VALUES ('19D153B2-34F3-4007-926A-FE81B5C94374','MenuKey.GroupManagement','Sys.Import','部门管理',0,0,'WalkingTec.Mvvm.Mvc.Admin.Controllers,FrameworkGroup','Import',NULL,0,0,4,1,1,'/_admin/frameworkgroup/import',NULL,'C4594508-B706-43B2-8649-D0CF88E1C822');
INSERT INTO "FrameworkMenus" VALUES ('1B1A7D23-6669-49B6-951B-426973E3F4F7','MenuKey.RoleManagement','Sys.ExportByIds','角色管理Api',0,0,'WalkingTec.Mvvm.Admin.Api,FrameworkRole','ExportExcelByIds',NULL,0,0,9,1,1,'/api/_frameworkrole/exportexcelbyids',NULL,'49030C12-8C7C-4C4A-ACF7-DCBE7F87598E');
INSERT INTO "FrameworkMenus" VALUES ('1C415F96-7ECB-45BE-A5E3-6308C6556394','MenuKey.ActionLog','Sys.ExportByIds','日志Api',0,0,'WalkingTec.Mvvm.Admin.Api,ActionLog','ExportExcelByIds',NULL,0,0,5,1,1,'/api/_actionlog/exportexcelbyids',NULL,'99E1A296-EE89-48B6-857C-1441B982484D');
INSERT INTO "FrameworkMenus" VALUES ('1CDBE0A4-4B2D-4863-8640-5FCD06EE5D5D','MenuKey.UserManagement','Sys.Create','用户管理',0,0,'WalkingTec.Mvvm.Mvc.Admin.Controllers,FrameworkUser','Create',NULL,0,0,1,1,1,'/_admin/frameworkuser/create',NULL,'E55A670E-AB27-4D05-AA87-B30D8C06A28F');
INSERT INTO "FrameworkMenus" VALUES ('1E8E5370-EA37-46FC-B864-3006FA84CA3D','MenuKey.GroupManagement','Sys.Get','部门管理Api',0,0,'WalkingTec.Mvvm.Admin.Api,FrameworkGroup','Get',NULL,0,0,1,1,1,'/api/_frameworkgroup/{id}',NULL,'39016344-C230-495B-A27D-80034A716D85');
INSERT INTO "FrameworkMenus" VALUES ('1EB54B27-47C2-4A42-9D8B-72F6DBD6DF83','MenuKey.GroupManagement','Sys.Delete','部门管理',0,0,'WalkingTec.Mvvm.Mvc.Admin.Controllers,FrameworkGroup','Delete',NULL,0,0,3,1,1,'/_admin/frameworkgroup/delete',NULL,'C4594508-B706-43B2-8649-D0CF88E1C822');
INSERT INTO "FrameworkMenus" VALUES ('21408860-7EBD-4197-A43F-1047C09F0C48','MenuKey.UserManagement','Sys.Delete','用户管理',0,0,'WalkingTec.Mvvm.Mvc.Admin.Controllers,FrameworkUser','Delete',NULL,0,0,4,1,1,'/_admin/frameworkuser/delete',NULL,'E55A670E-AB27-4D05-AA87-B30D8C06A28F');
INSERT INTO "FrameworkMenus" VALUES ('21A9AC35-A751-4BB6-B0B3-07032083E1B3','MenuKey.MenuMangement','Sys.Create','菜单管理Api',0,0,'WalkingTec.Mvvm.Admin.Api,FrameworkMenu','Add',NULL,0,0,6,1,0,'/api/_frameworkmenu/add',NULL,'D3D8B379-EB1B-4114-BE04-F3877FA6C61D');
INSERT INTO "FrameworkMenus" VALUES ('24834999-B79D-4703-918D-AECB12D5ACED','MenuKey.MenuMangement','Sys.ExportByIds','菜单管理Api',0,0,'WalkingTec.Mvvm.Admin.Api,FrameworkMenu','ExportExcelByIds',NULL,0,0,9,1,0,'/api/_frameworkmenu/exportexcelbyids',NULL,'D3D8B379-EB1B-4114-BE04-F3877FA6C61D');
INSERT INTO "FrameworkMenus" VALUES ('281E2AE2-68D3-48AF-8AD7-ED09A0F4AC61','MenuKey.RoleManagement','Sys.Import','角色管理Api',0,0,'WalkingTec.Mvvm.Admin.Api,FrameworkRole','Import',NULL,0,0,10,1,1,'/api/_frameworkrole/import',NULL,'49030C12-8C7C-4C4A-ACF7-DCBE7F87598E');
INSERT INTO "FrameworkMenus" VALUES ('29F55D04-C40D-413D-A0B0-1C69BA716D18','MenuKey.RoleManagement','Sys.Delete','角色管理',0,0,'WalkingTec.Mvvm.Mvc.Admin.Controllers,FrameworkRole','Delete',NULL,0,0,3,1,1,'/_admin/frameworkrole/delete',NULL,'D7F86435-93E8-4265-9426-70BF7BDF5FD9');
INSERT INTO "FrameworkMenus" VALUES ('2E6D6901-A90F-42EE-AF9E-4DA8A2483A29','MenuKey.DataPrivilege','Sys.Edit','数据权限',0,0,'WalkingTec.Mvvm.Mvc.Admin.Controllers,DataPrivilege','Edit',NULL,0,0,2,1,1,'/_admin/dataprivilege/edit',NULL,'61658EEE-A950-42E5-BB11-023157EC58B7');
INSERT INTO "FrameworkMenus" VALUES ('30162932-DEE8-4199-9C73-0C05EDC3CDE6','MenuKey.MenuMangement','_Admin.UnsetPages','菜单管理Api',0,0,'WalkingTec.Mvvm.Admin.Api,FrameworkMenu','UnsetPages',NULL,0,0,3,1,0,'/api/_frameworkmenu/unsetpages',NULL,'D3D8B379-EB1B-4114-BE04-F3877FA6C61D');
INSERT INTO "FrameworkMenus" VALUES ('340CC325-FDB2-4379-803D-7EB123054002','MenuKey.UserManagement','Sys.Delete','用户管理Api',0,0,'WalkingTec.Mvvm.Admin.Api,FrameworkUser','BatchDelete',NULL,0,0,6,1,1,'/api/_frameworkuser/batchdelete',NULL,'7867B523-9162-4A3A-9193-222E6D11272E');
INSERT INTO "FrameworkMenus" VALUES ('367F6A2F-B79D-4308-834F-0AD1E63CC746','MenuKey.MenuMangement','Sys.Create','菜单管理',0,0,'WalkingTec.Mvvm.Mvc.Admin.Controllers,FrameworkMenu','Create',NULL,0,0,1,1,0,'/_admin/frameworkmenu/create',NULL,'32FEB2D0-4496-4C0A-8007-ECA77A7F6ED2');
INSERT INTO "FrameworkMenus" VALUES ('38319356-8FA4-461D-BA60-444C26AD35AC','MenuKey.UserManagement','Sys.ExportByIds','用户管理Api',0,0,'WalkingTec.Mvvm.Admin.Api,FrameworkUser','ExportExcelByIds',NULL,0,0,8,1,1,'/api/_frameworkuser/exportexcelbyids',NULL,'7867B523-9162-4A3A-9193-222E6D11272E');
INSERT INTO "FrameworkMenus" VALUES ('3BD30062-1333-4946-ACE0-9172A5E5C9DB','MenuKey.RoleManagement','Sys.Import','角色管理',0,0,'WalkingTec.Mvvm.Mvc.Admin.Controllers,FrameworkRole','Import',NULL,0,0,4,1,1,'/_admin/frameworkrole/import',NULL,'D7F86435-93E8-4265-9426-70BF7BDF5FD9');
INSERT INTO "FrameworkMenus" VALUES ('3D8B6F74-8969-4EE0-8713-4364232ABA85','MenuKey.DataPrivilege','Sys.Get','数据权限Api',0,0,'WalkingTec.Mvvm.Admin.Api,DataPrivilege','Get',NULL,0,0,1,1,1,'/api/_dataprivilege/get',NULL,'B66F2EC7-C201-4353-BF54-921368C7BA54');
INSERT INTO "FrameworkMenus" VALUES ('447E3158-C57F-4832-8251-1BAE05664E4C','MenuKey.MenuMangement','Sys.Edit','菜单管理',0,0,'WalkingTec.Mvvm.Mvc.Admin.Controllers,FrameworkMenu','Edit',NULL,0,0,2,1,0,'/_admin/frameworkmenu/edit',NULL,'32FEB2D0-4496-4C0A-8007-ECA77A7F6ED2');
INSERT INTO "FrameworkMenus" VALUES ('46248863-F71A-4201-B642-1F68203E1FCF','MenuKey.GroupManagement','_Admin.DataPrivilege','部门管理',0,0,'WalkingTec.Mvvm.Mvc.Admin.Controllers,FrameworkGroup','DataFunction',NULL,0,0,5,1,1,'/_admin/frameworkgroup/datafunction',NULL,'C4594508-B706-43B2-8649-D0CF88E1C822');
INSERT INTO "FrameworkMenus" VALUES ('463B04DC-A132-400F-B193-DE4BE2AB4A9F','MenuKey.DataPrivilege','Sys.Delete','数据权限Api',0,0,'WalkingTec.Mvvm.Admin.Api,DataPrivilege','Delete',NULL,0,0,5,1,1,'/api/_dataprivilege/delete',NULL,'B66F2EC7-C201-4353-BF54-921368C7BA54');
INSERT INTO "FrameworkMenus" VALUES ('4BE32644-ECA3-4E1E-91DC-414F3DB04CEF','MenuKey.ActionLog','Sys.Export','日志Api',0,0,'WalkingTec.Mvvm.Admin.Api,ActionLog','ExportExcel',NULL,0,0,4,1,1,'/api/_actionlog/exportexcel',NULL,'99E1A296-EE89-48B6-857C-1441B982484D');
INSERT INTO "FrameworkMenus" VALUES ('4DB083C5-C3EB-4234-98FB-25E4A8C80D9F','MenuKey.ActionLog','Sys.Export','日志',0,0,'WalkingTec.Mvvm.Mvc.Admin.Controllers,ActionLog','ExportExcel',NULL,0,0,3,1,1,'/_admin/actionlog/exportexcel',NULL,'17D561DA-6C36-4F6F-B0C6-B8801FE4083A');
INSERT INTO "FrameworkMenus" VALUES ('4EED49BF-E1CF-4C17-97FD-73183B0ECD41','MenuKey.MenuMangement','_Admin.RefreshMenu','菜单管理Api',0,0,'WalkingTec.Mvvm.Admin.Api,FrameworkMenu','RefreshMenu',NULL,0,0,4,1,0,'/api/_frameworkmenu/refreshmenu',NULL,'D3D8B379-EB1B-4114-BE04-F3877FA6C61D');
INSERT INTO "FrameworkMenus" VALUES ('51ABB1CD-37B5-4D3C-B926-5E28C86C7508','MenuKey.FrameworkTenant','Sys.Import','租户管理Api',0,0,'WalkingTec.Mvvm.Admin.Api,FrameworkTenant','Import',NULL,0,0,9,1,1,'/api/_frameworktenant/import',NULL,'F7C60094-4235-410D-8610-3356B5DBC8AE');
INSERT INTO "FrameworkMenus" VALUES ('52875D0E-1FAB-4816-AF2F-A8E24AEBBD70','MenuKey.GroupManagement','Sys.Import','部门管理Api',0,0,'WalkingTec.Mvvm.Admin.Api,FrameworkGroup','Import',NULL,0,0,9,1,1,'/api/_frameworkgroup/import',NULL,'39016344-C230-495B-A27D-80034A716D85');
INSERT INTO "FrameworkMenus" VALUES ('5341B7BE-9F67-40EC-8E9E-B6D5AB76A7F3','MenuKey.GroupManagement','Sys.Create','部门管理',0,0,'WalkingTec.Mvvm.Mvc.Admin.Controllers,FrameworkGroup','Create',NULL,0,0,1,1,1,'/_admin/frameworkgroup/create',NULL,'C4594508-B706-43B2-8649-D0CF88E1C822');
INSERT INTO "FrameworkMenus" VALUES ('545AA5D3-D34E-40B2-AA7A-E619B84B1CCF','MenuKey.DataPrivilege','Sys.Search','数据权限',0,0,'WalkingTec.Mvvm.Mvc.Admin.Controllers,DataPrivilege','Search',NULL,0,0,4,1,1,'/_admin/dataprivilege/search',NULL,'61658EEE-A950-42E5-BB11-023157EC58B7');
INSERT INTO "FrameworkMenus" VALUES ('5466DE4E-1590-4533-88EB-C18209AC5805','MenuKey.MenuMangement','Sys.Details','菜单管理',0,0,'WalkingTec.Mvvm.Mvc.Admin.Controllers,FrameworkMenu','Details',NULL,0,0,4,1,0,'/_admin/frameworkmenu/details',NULL,'32FEB2D0-4496-4C0A-8007-ECA77A7F6ED2');
INSERT INTO "FrameworkMenus" VALUES ('54D8548B-CBA8-45C2-A946-E92CBCEB82A1','MenuKey.FrameworkTenant','Sys.Delete','租户管理Api',0,0,'WalkingTec.Mvvm.Admin.Api,FrameworkTenant','BatchDelete',NULL,0,0,6,1,1,'/api/_frameworktenant/batchdelete',NULL,'F7C60094-4235-410D-8610-3356B5DBC8AE');
INSERT INTO "FrameworkMenus" VALUES ('55E34A03-6C28-4D7B-85EB-EEC141F3C51E','MenuKey.UserManagement','Sys.Import','用户管理Api',0,0,'WalkingTec.Mvvm.Admin.Api,FrameworkUser','Import',NULL,0,0,9,1,1,'/api/_frameworkuser/import',NULL,'7867B523-9162-4A3A-9193-222E6D11272E');
INSERT INTO "FrameworkMenus" VALUES ('55E70960-13E9-4831-9981-3CA62129C696','MenuKey.RoleManagement','Sys.Get','角色管理Api',0,0,'WalkingTec.Mvvm.Admin.Api,FrameworkRole','Get',NULL,0,0,1,1,1,'/api/_frameworkrole/{id}',NULL,'49030C12-8C7C-4C4A-ACF7-DCBE7F87598E');
INSERT INTO "FrameworkMenus" VALUES ('564D4EF1-F77A-456F-B8A4-64671630C47A','MenuKey.MenuMangement','_Admin.RefreshMenu','菜单管理',0,0,'WalkingTec.Mvvm.Mvc.Admin.Controllers,FrameworkMenu','RefreshMenu',NULL,0,0,6,1,0,'/_admin/frameworkmenu/refreshmenu',NULL,'32FEB2D0-4496-4C0A-8007-ECA77A7F6ED2');
INSERT INTO "FrameworkMenus" VALUES ('57C23A89-6B5B-41C5-A0E0-9BBE4B197DA1','MenuKey.UserManagement','Sys.Get','用户管理Api',0,0,'WalkingTec.Mvvm.Admin.Api,FrameworkUser','Get',NULL,0,0,1,1,1,'/api/_frameworkuser/{id}',NULL,'7867B523-9162-4A3A-9193-222E6D11272E');
INSERT INTO "FrameworkMenus" VALUES ('57D2118D-C925-4316-AFDF-9F8395962742','MenuKey.RoleManagement','Sys.BatchDelete','角色管理',0,0,'WalkingTec.Mvvm.Mvc.Admin.Controllers,FrameworkRole','BatchDelete',NULL,0,0,8,1,1,'/_admin/frameworkrole/batchdelete',NULL,'D7F86435-93E8-4265-9426-70BF7BDF5FD9');
INSERT INTO "FrameworkMenus" VALUES ('583B1273-8852-4E09-B0C4-A718A4566F1B','MenuKey.MenuMangement','Sys.Search','菜单管理',0,0,'WalkingTec.Mvvm.Mvc.Admin.Controllers,FrameworkMenu','Search',NULL,0,0,7,1,0,'/_admin/frameworkmenu/search',NULL,'32FEB2D0-4496-4C0A-8007-ECA77A7F6ED2');
INSERT INTO "FrameworkMenus" VALUES ('5B0FB30F-0586-473A-8171-785B25CD5741','MenuKey.UserManagement','Login.ChangePassword','用户管理',0,0,'WalkingTec.Mvvm.Mvc.Admin.Controllers,FrameworkUser','Password',NULL,0,0,3,1,1,'/_admin/frameworkuser/password',NULL,'E55A670E-AB27-4D05-AA87-B30D8C06A28F');
INSERT INTO "FrameworkMenus" VALUES ('5E69990D-0772-4869-9342-24BBA5617F26','MenuKey.FrameworkTenant','Sys.Edit','租户管理Api',0,0,'WalkingTec.Mvvm.Admin.Api,FrameworkTenant','Edit',NULL,0,0,2,1,1,'/api/_frameworktenant/edit',NULL,'F7C60094-4235-410D-8610-3356B5DBC8AE');
INSERT INTO "FrameworkMenus" VALUES ('61D5E0A7-F7D8-492C-8A29-AFABAA8CAEA3','MenuKey.DataPrivilege','Sys.Edit','数据权限Api',0,0,'WalkingTec.Mvvm.Admin.Api,DataPrivilege','Edit',NULL,0,0,2,1,1,'/api/_dataprivilege/edit',NULL,'B66F2EC7-C201-4353-BF54-921368C7BA54');
INSERT INTO "FrameworkMenus" VALUES ('634AB105-9BF6-4F58-BB06-EAAF6D9EDCAA','MenuKey.RoleManagement','Sys.Search','角色管理Api',0,0,'WalkingTec.Mvvm.Admin.Api,FrameworkRole','Search',NULL,0,0,5,1,1,'/api/_frameworkrole/search',NULL,'49030C12-8C7C-4C4A-ACF7-DCBE7F87598E');
INSERT INTO "FrameworkMenus" VALUES ('64C00654-2B94-4B3C-A13A-F238D20774C4','MenuKey.MenuMangement','Sys.Delete','菜单管理Api',0,0,'WalkingTec.Mvvm.Admin.Api,FrameworkMenu','BatchDelete',NULL,0,0,7,1,0,'/api/_frameworkmenu/batchdelete',NULL,'D3D8B379-EB1B-4114-BE04-F3877FA6C61D');
INSERT INTO "FrameworkMenus" VALUES ('65EAE24A-885C-4711-83CD-600A146AEBB2','MenuKey.FrameworkTenant','Sys.Export','租户管理Api',0,0,'WalkingTec.Mvvm.Admin.Api,FrameworkTenant','ExportExcel',NULL,0,0,7,1,1,'/api/_frameworktenant/exportexcel',NULL,'F7C60094-4235-410D-8610-3356B5DBC8AE');
INSERT INTO "FrameworkMenus" VALUES ('666CCDE8-8753-4515-B7B2-E85ED4692850','MenuKey.UserManagement','Sys.Enable','用户管理',0,0,'WalkingTec.Mvvm.Mvc.Admin.Controllers,FrameworkUser','Enable',NULL,0,0,7,1,1,'/_admin/frameworkuser/enable',NULL,'E55A670E-AB27-4D05-AA87-B30D8C06A28F');
INSERT INTO "FrameworkMenus" VALUES ('6BCB4394-71AF-4AF0-ABA6-21248FDBA211','MenuKey.MenuMangement','Sys.Get','菜单管理Api',0,0,'WalkingTec.Mvvm.Admin.Api,FrameworkMenu','Get',NULL,0,0,1,1,0,'/api/_frameworkmenu/{id}',NULL,'D3D8B379-EB1B-4114-BE04-F3877FA6C61D');
INSERT INTO "FrameworkMenus" VALUES ('6DBECA41-81B9-4914-8632-21623FF7D2CE','MenuKey.UserManagement','Sys.Edit','用户管理Api',0,0,'WalkingTec.Mvvm.Admin.Api,FrameworkUser','Edit',NULL,0,0,2,1,1,'/api/_frameworkuser/edit',NULL,'7867B523-9162-4A3A-9193-222E6D11272E');
INSERT INTO "FrameworkMenus" VALUES ('6E7F5E8B-2159-4669-8D03-6A70B8D48A25','MenuKey.RoleManagement','Sys.Details','角色管理',0,0,'WalkingTec.Mvvm.Mvc.Admin.Controllers,FrameworkRole','Details',NULL,0,0,5,1,1,'/_admin/frameworkrole/details',NULL,'D7F86435-93E8-4265-9426-70BF7BDF5FD9');
INSERT INTO "FrameworkMenus" VALUES ('6FF0CEA7-36C7-4A02-9C47-C70F0B014510','MenuKey.RoleManagement','Sys.Export','角色管理',0,0,'WalkingTec.Mvvm.Mvc.Admin.Controllers,FrameworkRole','ExportExcel',NULL,0,0,9,1,1,'/_admin/frameworkrole/exportexcel',NULL,'D7F86435-93E8-4265-9426-70BF7BDF5FD9');
INSERT INTO "FrameworkMenus" VALUES ('6FF1C767-6C67-485D-BFF8-174E09DE0A24','MenuKey.UserManagement','Sys.BatchDelete','用户管理',0,0,'WalkingTec.Mvvm.Mvc.Admin.Controllers,FrameworkUser','BatchDelete',NULL,0,0,10,1,1,'/_admin/frameworkuser/batchdelete',NULL,'E55A670E-AB27-4D05-AA87-B30D8C06A28F');
INSERT INTO "FrameworkMenus" VALUES ('701F7AB4-CF44-4392-90E3-A1B7E2B112CF','MenuKey.MenuMangement','Sys.Search','菜单管理Api',0,0,'WalkingTec.Mvvm.Admin.Api,FrameworkMenu','Search',NULL,0,0,5,1,0,'/api/_frameworkmenu/search',NULL,'D3D8B379-EB1B-4114-BE04-F3877FA6C61D');
INSERT INTO "FrameworkMenus" VALUES ('74DA41D9-DFD0-4483-9A51-9B4A167EB59C','MenuKey.DataPrivilege','Sys.Search','数据权限Api',0,0,'WalkingTec.Mvvm.Admin.Api,DataPrivilege','Search',NULL,0,0,3,1,1,'/api/_dataprivilege/search',NULL,'B66F2EC7-C201-4353-BF54-921368C7BA54');
INSERT INTO "FrameworkMenus" VALUES ('76E5A900-E095-4EE1-B763-0B7B7A29DFA7','MenuKey.MenuMangement','Sys.Export','菜单管理Api',0,0,'WalkingTec.Mvvm.Admin.Api,FrameworkMenu','ExportExcel',NULL,0,0,8,1,0,'/api/_frameworkmenu/exportexcel',NULL,'D3D8B379-EB1B-4114-BE04-F3877FA6C61D');
INSERT INTO "FrameworkMenus" VALUES ('809F9CAC-A677-4730-8D19-30A92CD04AD0','MenuKey.GroupManagement','Sys.Search','部门管理',0,0,'WalkingTec.Mvvm.Mvc.Admin.Controllers,FrameworkGroup','Search',NULL,0,0,6,1,1,'/_admin/frameworkgroup/search',NULL,'C4594508-B706-43B2-8649-D0CF88E1C822');
INSERT INTO "FrameworkMenus" VALUES ('81C352F1-F351-41F3-9C92-7C07270954FA','MenuKey.ActionLog','Sys.Details','日志',0,0,'WalkingTec.Mvvm.Mvc.Admin.Controllers,ActionLog','Details',NULL,0,0,1,1,1,'/_admin/actionlog/details',NULL,'17D561DA-6C36-4F6F-B0C6-B8801FE4083A');
INSERT INTO "FrameworkMenus" VALUES ('859DDC8D-F3EE-4EE8-8156-B43611D0E277','MenuKey.GroupManagement','Sys.Create','部门管理Api',0,0,'WalkingTec.Mvvm.Admin.Api,FrameworkGroup','Add',NULL,0,0,5,1,1,'/api/_frameworkgroup/add',NULL,'39016344-C230-495B-A27D-80034A716D85');
INSERT INTO "FrameworkMenus" VALUES ('86CD547C-EA91-46AA-834C-6D7912C2BF39','MenuKey.RoleManagement','_Admin.PageFunction','角色管理Api',0,0,'WalkingTec.Mvvm.Admin.Api,FrameworkRole','EditPrivilege',NULL,0,0,2,1,1,'/api/_frameworkrole/editprivilege',NULL,'49030C12-8C7C-4C4A-ACF7-DCBE7F87598E');
INSERT INTO "FrameworkMenus" VALUES ('86E40CB5-BB61-4725-AC08-5B69016E7569','MenuKey.GroupManagement','Sys.BatchDelete','部门管理',0,0,'WalkingTec.Mvvm.Mvc.Admin.Controllers,FrameworkGroup','BatchDelete',NULL,0,0,7,1,1,'/_admin/frameworkgroup/batchdelete',NULL,'C4594508-B706-43B2-8649-D0CF88E1C822');
INSERT INTO "FrameworkMenus" VALUES ('91B57246-2F13-430F-848D-33BED7022452','MenuKey.UserManagement','Sys.Details','用户管理',0,0,'WalkingTec.Mvvm.Mvc.Admin.Controllers,FrameworkUser','Details',NULL,0,0,5,1,1,'/_admin/frameworkuser/details',NULL,'E55A670E-AB27-4D05-AA87-B30D8C06A28F');
INSERT INTO "FrameworkMenus" VALUES ('939C24AC-9152-46F9-BB8F-E7F17956217E','MenuKey.RoleManagement','Sys.Create','角色管理',0,0,'WalkingTec.Mvvm.Mvc.Admin.Controllers,FrameworkRole','Create',NULL,0,0,1,1,1,'/_admin/frameworkrole/create',NULL,'D7F86435-93E8-4265-9426-70BF7BDF5FD9');
INSERT INTO "FrameworkMenus" VALUES ('93B4144B-82F5-4686-94C9-039F7AFDD18C','MenuKey.MenuMangement','Sys.Edit','菜单管理Api',0,0,'WalkingTec.Mvvm.Admin.Api,FrameworkMenu','Edit',NULL,0,0,2,1,0,'/api/_frameworkmenu/edit',NULL,'D3D8B379-EB1B-4114-BE04-F3877FA6C61D');
INSERT INTO "FrameworkMenus" VALUES ('9E216AA9-06EE-4FBB-9D0B-3FBB3B3A0556','MenuKey.RoleManagement','Sys.DownloadTemplate','角色管理Api',0,0,'WalkingTec.Mvvm.Admin.Api,FrameworkRole','GetExcelTemplate',NULL,0,0,4,1,1,'/api/_frameworkrole/getexceltemplate',NULL,'49030C12-8C7C-4C4A-ACF7-DCBE7F87598E');
INSERT INTO "FrameworkMenus" VALUES ('A03E4A7B-DD5A-4696-8E97-02CFC20183F9','MenuKey.UserManagement','Sys.DownloadTemplate','用户管理Api',0,0,'WalkingTec.Mvvm.Admin.Api,FrameworkUser','GetExcelTemplate',NULL,0,0,3,1,1,'/api/_frameworkuser/getexceltemplate',NULL,'7867B523-9162-4A3A-9193-222E6D11272E');
INSERT INTO "FrameworkMenus" VALUES ('A0A1140E-1C43-40D4-8432-D1FCB1D06C93','MenuKey.GroupManagement','Sys.Delete','部门管理Api',0,0,'WalkingTec.Mvvm.Admin.Api,FrameworkGroup','BatchDelete',NULL,0,0,6,1,1,'/api/_frameworkgroup/batchdelete',NULL,'39016344-C230-495B-A27D-80034A716D85');
INSERT INTO "FrameworkMenus" VALUES ('A2B9D92D-EC0E-462C-8C41-2AEBAD6FEA56','MenuKey.GroupManagement','Sys.Search','部门管理Api',0,0,'WalkingTec.Mvvm.Admin.Api,FrameworkGroup','Search',NULL,0,0,4,1,1,'/api/_frameworkgroup/search',NULL,'39016344-C230-495B-A27D-80034A716D85');
INSERT INTO "FrameworkMenus" VALUES ('A2FB65E5-E187-4014-91F0-E59E73B18284','MenuKey.DataPrivilege','Sys.Export','数据权限',0,0,'WalkingTec.Mvvm.Mvc.Admin.Controllers,DataPrivilege','ExportExcel',NULL,0,0,5,1,1,'/_admin/dataprivilege/exportexcel',NULL,'61658EEE-A950-42E5-BB11-023157EC58B7');
INSERT INTO "FrameworkMenus" VALUES ('A764F2E1-E640-4906-8350-DE6289E946EA','MenuKey.MenuMangement','Sys.Delete','菜单管理',0,0,'WalkingTec.Mvvm.Mvc.Admin.Controllers,FrameworkMenu','Delete',NULL,0,0,3,1,0,'/_admin/frameworkmenu/delete',NULL,'32FEB2D0-4496-4C0A-8007-ECA77A7F6ED2');
INSERT INTO "FrameworkMenus" VALUES ('A864330F-C89A-426F-9400-A2846EDB0610','MenuKey.ActionLog','Sys.Get','日志Api',0,0,'WalkingTec.Mvvm.Admin.Api,ActionLog','Get',NULL,0,0,1,1,1,'/api/_actionlog/{id}',NULL,'99E1A296-EE89-48B6-857C-1441B982484D');
INSERT INTO "FrameworkMenus" VALUES ('AB4D2F06-7FA1-4E17-9DCA-AD8C188BBC99','MenuKey.GroupManagement','Sys.Export','部门管理',0,0,'WalkingTec.Mvvm.Mvc.Admin.Controllers,FrameworkGroup','ExportExcel',NULL,0,0,8,1,1,'/_admin/frameworkgroup/exportexcel',NULL,'C4594508-B706-43B2-8649-D0CF88E1C822');
INSERT INTO "FrameworkMenus" VALUES ('AB6E3395-B483-4683-BD1A-6DE95BE3CDCA','MenuKey.GroupManagement','Sys.DownloadTemplate','部门管理Api',0,0,'WalkingTec.Mvvm.Admin.Api,FrameworkGroup','GetExcelTemplate',NULL,0,0,3,1,1,'/api/_frameworkgroup/getexceltemplate',NULL,'39016344-C230-495B-A27D-80034A716D85');
INSERT INTO "FrameworkMenus" VALUES ('AC298646-ACC4-49CF-ADF2-EF71A436EE4B','MenuKey.DataPrivilege','Sys.Delete','数据权限',0,0,'WalkingTec.Mvvm.Mvc.Admin.Controllers,DataPrivilege','Delete',NULL,0,0,3,1,1,'/_admin/dataprivilege/delete',NULL,'61658EEE-A950-42E5-BB11-023157EC58B7');
INSERT INTO "FrameworkMenus" VALUES ('AD70B881-B440-4416-A06C-D974FB4F3778','MenuKey.RoleManagement','Sys.Export','角色管理Api',0,0,'WalkingTec.Mvvm.Admin.Api,FrameworkRole','ExportExcel',NULL,0,0,8,1,1,'/api/_frameworkrole/exportexcel',NULL,'49030C12-8C7C-4C4A-ACF7-DCBE7F87598E');
INSERT INTO "FrameworkMenus" VALUES ('B2FF9132-C787-45B0-9A9D-ECB658F04A57','MenuKey.MenuMangement','_Admin.UnsetPages','菜单管理',0,0,'WalkingTec.Mvvm.Mvc.Admin.Controllers,FrameworkMenu','UnsetPages',NULL,0,0,5,1,0,'/_admin/frameworkmenu/unsetpages',NULL,'32FEB2D0-4496-4C0A-8007-ECA77A7F6ED2');
INSERT INTO "FrameworkMenus" VALUES ('B59993DA-9185-404C-8983-85AF6150101B','MenuKey.UserManagement','Sys.Export','用户管理Api',0,0,'WalkingTec.Mvvm.Admin.Api,FrameworkUser','ExportExcel',NULL,0,0,7,1,1,'/api/_frameworkuser/exportexcel',NULL,'7867B523-9162-4A3A-9193-222E6D11272E');
INSERT INTO "FrameworkMenus" VALUES ('B813397A-C256-4CCA-BE26-9BD9362AA405','MenuKey.RoleManagement','Sys.Delete','角色管理Api',0,0,'WalkingTec.Mvvm.Admin.Api,FrameworkRole','BatchDelete',NULL,0,0,7,1,1,'/api/_frameworkrole/batchdelete',NULL,'49030C12-8C7C-4C4A-ACF7-DCBE7F87598E');
INSERT INTO "FrameworkMenus" VALUES ('BB06759A-A805-467E-AD49-E78C5C9B9BFF','MenuKey.UserManagement','Sys.Search','用户管理',0,0,'WalkingTec.Mvvm.Mvc.Admin.Controllers,FrameworkUser','Search',NULL,0,0,8,1,1,'/_admin/frameworkuser/search',NULL,'E55A670E-AB27-4D05-AA87-B30D8C06A28F');
INSERT INTO "FrameworkMenus" VALUES ('C1DE98A9-B269-482C-B704-FCC8622D2D4E','MenuKey.FrameworkTenant','Sys.DownloadTemplate','租户管理Api',0,0,'WalkingTec.Mvvm.Admin.Api,FrameworkTenant','GetExcelTemplate',NULL,0,0,3,1,1,'/api/_frameworktenant/getexceltemplate',NULL,'F7C60094-4235-410D-8610-3356B5DBC8AE');
INSERT INTO "FrameworkMenus" VALUES ('C33C617A-40B8-46E5-A4AF-9700AE48A4F2','MenuKey.FrameworkTenant','Sys.Get','租户管理Api',0,0,'WalkingTec.Mvvm.Admin.Api,FrameworkTenant','Get',NULL,0,0,1,1,1,'/api/_frameworktenant/{id}',NULL,'F7C60094-4235-410D-8610-3356B5DBC8AE');
INSERT INTO "FrameworkMenus" VALUES ('C47FA9EE-2CE8-42B0-B0DE-4A3C71B2DCEB','MenuKey.RoleManagement','Sys.Create','角色管理Api',0,0,'WalkingTec.Mvvm.Admin.Api,FrameworkRole','Add',NULL,0,0,6,1,1,'/api/_frameworkrole/add',NULL,'49030C12-8C7C-4C4A-ACF7-DCBE7F87598E');
INSERT INTO "FrameworkMenus" VALUES ('C97AC449-5184-412C-B2E9-BF6517DCE76A','MenuKey.DataPrivilege','Sys.Create','数据权限',0,0,'WalkingTec.Mvvm.Mvc.Admin.Controllers,DataPrivilege','Create',NULL,0,0,1,1,1,'/_admin/dataprivilege/create',NULL,'61658EEE-A950-42E5-BB11-023157EC58B7');
INSERT INTO "FrameworkMenus" VALUES ('CC954041-988F-4A10-917C-9615DFB40739','MenuKey.GroupManagement','Sys.ExportByIds','部门管理Api',0,0,'WalkingTec.Mvvm.Admin.Api,FrameworkGroup','ExportExcelByIds',NULL,0,0,8,1,1,'/api/_frameworkgroup/exportexcelbyids',NULL,'39016344-C230-495B-A27D-80034A716D85');
INSERT INTO "FrameworkMenus" VALUES ('CFDB0BD8-2E71-4579-95B0-29B7B2F7ECC9','MenuKey.UserManagement','Sys.Search','用户管理Api',0,0,'WalkingTec.Mvvm.Admin.Api,FrameworkUser','Search',NULL,0,0,4,1,1,'/api/_frameworkuser/search',NULL,'7867B523-9162-4A3A-9193-222E6D11272E');
INSERT INTO "FrameworkMenus" VALUES ('D4BFF078-D8EA-4D67-85F6-F35A096B1607','MenuKey.UserManagement','Sys.Edit','用户管理',0,0,'WalkingTec.Mvvm.Mvc.Admin.Controllers,FrameworkUser','Edit',NULL,0,0,2,1,1,'/_admin/frameworkuser/edit',NULL,'E55A670E-AB27-4D05-AA87-B30D8C06A28F');
INSERT INTO "FrameworkMenus" VALUES ('D69BD89F-D9D0-413C-B0C0-2A7DA235AF47','MenuKey.UserManagement','Sys.Export','用户管理',0,0,'WalkingTec.Mvvm.Mvc.Admin.Controllers,FrameworkUser','ExportExcel',NULL,0,0,11,1,1,'/_admin/frameworkuser/exportexcel',NULL,'E55A670E-AB27-4D05-AA87-B30D8C06A28F');
INSERT INTO "FrameworkMenus" VALUES ('D73E67E5-B2C0-4B33-BA83-BC0201051739','MenuKey.UserManagement','Sys.Import','用户管理',0,0,'WalkingTec.Mvvm.Mvc.Admin.Controllers,FrameworkUser','Import',NULL,0,0,6,1,1,'/_admin/frameworkuser/import',NULL,'E55A670E-AB27-4D05-AA87-B30D8C06A28F');
INSERT INTO "FrameworkMenus" VALUES ('D7BF133E-53C7-43D6-91BC-A75BA8931764','MenuKey.RoleManagement','Sys.Search','角色管理',0,0,'WalkingTec.Mvvm.Mvc.Admin.Controllers,FrameworkRole','Search',NULL,0,0,7,1,1,'/_admin/frameworkrole/search',NULL,'D7F86435-93E8-4265-9426-70BF7BDF5FD9');
INSERT INTO "FrameworkMenus" VALUES ('DA14CA5B-FE85-46D8-8DAD-8342FB48D02D','MenuKey.FrameworkTenant','Sys.Search','租户管理Api',0,0,'WalkingTec.Mvvm.Admin.Api,FrameworkTenant','Search',NULL,0,0,4,1,1,'/api/_frameworktenant/search',NULL,'F7C60094-4235-410D-8610-3356B5DBC8AE');
INSERT INTO "FrameworkMenus" VALUES ('DF11F9FA-DFE3-45FE-9560-855CCDF5912B','MenuKey.GroupManagement','Sys.Edit','部门管理',0,0,'WalkingTec.Mvvm.Mvc.Admin.Controllers,FrameworkGroup','Edit',NULL,0,0,2,1,1,'/_admin/frameworkgroup/edit',NULL,'C4594508-B706-43B2-8649-D0CF88E1C822');
INSERT INTO "FrameworkMenus" VALUES ('E0152543-8078-4B60-A099-FFA434C0C1FC','MenuKey.ActionLog','Sys.Search','日志Api',0,0,'WalkingTec.Mvvm.Admin.Api,ActionLog','Search',NULL,0,0,2,1,1,'/api/_actionlog/search',NULL,'99E1A296-EE89-48B6-857C-1441B982484D');
INSERT INTO "FrameworkMenus" VALUES ('E2E01E76-B0B2-4632-92E6-4A68254440EC','MenuKey.ActionLog','Sys.Search','日志',0,0,'WalkingTec.Mvvm.Mvc.Admin.Controllers,ActionLog','Search',NULL,0,0,2,1,1,'/_admin/actionlog/search',NULL,'17D561DA-6C36-4F6F-B0C6-B8801FE4083A');
INSERT INTO "FrameworkMenus" VALUES ('E546B763-8327-4844-B57C-52BB50844293','MenuKey.RoleManagement','_Admin.PageFunction','角色管理',0,0,'WalkingTec.Mvvm.Mvc.Admin.Controllers,FrameworkRole','PageFunction',NULL,0,0,6,1,1,'/_admin/frameworkrole/pagefunction',NULL,'D7F86435-93E8-4265-9426-70BF7BDF5FD9');
INSERT INTO "FrameworkMenus" VALUES ('E608411B-BA2F-4F93-9232-BB98D85E6592','MenuKey.FrameworkTenant','Sys.ExportByIds','租户管理Api',0,0,'WalkingTec.Mvvm.Admin.Api,FrameworkTenant','ExportExcelByIds',NULL,0,0,8,1,1,'/api/_frameworktenant/exportexcelbyids',NULL,'F7C60094-4235-410D-8610-3356B5DBC8AE');
INSERT INTO "FrameworkMenus" VALUES ('E8D126D5-FF4A-492D-8ADB-B55239486939','MenuKey.FrameworkTenant','Sys.Create','租户管理Api',0,0,'WalkingTec.Mvvm.Admin.Api,FrameworkTenant','Add',NULL,0,0,5,1,1,'/api/_frameworktenant/add',NULL,'F7C60094-4235-410D-8610-3356B5DBC8AE');
INSERT INTO "FrameworkMenus" VALUES ('F0AF0A21-E199-4837-A198-3B0EDDF3F50A','MenuKey.GroupManagement','Sys.Export','部门管理Api',0,0,'WalkingTec.Mvvm.Admin.Api,FrameworkGroup','ExportExcel',NULL,0,0,7,1,1,'/api/_frameworkgroup/exportexcel',NULL,'39016344-C230-495B-A27D-80034A716D85');
INSERT INTO "FrameworkMenus" VALUES ('F543AD65-0151-4EE6-9181-0092C63248EB','MenuKey.UserManagement','Sys.BatchEdit','用户管理',0,0,'WalkingTec.Mvvm.Mvc.Admin.Controllers,FrameworkUser','BatchEdit',NULL,0,0,9,1,1,'/_admin/frameworkuser/batchedit',NULL,'E55A670E-AB27-4D05-AA87-B30D8C06A28F');
INSERT INTO "FrameworkMenus" VALUES ('F5CE64E3-44E2-4B67-9682-A80904BC77B3','MenuKey.RoleManagement','Sys.Edit','角色管理Api',0,0,'WalkingTec.Mvvm.Admin.Api,FrameworkRole','Edit',NULL,0,0,3,1,1,'/api/_frameworkrole/edit',NULL,'49030C12-8C7C-4C4A-ACF7-DCBE7F87598E');
INSERT INTO "FrameworkMenus" VALUES ('FFEF56A9-00A9-46EB-9612-A38465A7B624','MenuKey.UserManagement','Sys.Create','用户管理Api',0,0,'WalkingTec.Mvvm.Admin.Api,FrameworkUser','Add',NULL,0,0,5,1,1,'/api/_frameworkuser/add',NULL,'7867B523-9162-4A3A-9193-222E6D11272E');
INSERT INTO "FrameworkMenus" VALUES ('81F5E152-EAA1-4F13-81D2-EAF202C3B157','DataCollect Conf',NULL,NULL,1,0,NULL,NULL,NULL,1,0,2,1,NULL,NULL,'layui-icon layui-icon-senior',NULL);
INSERT INTO "FrameworkMenus" VALUES ('0746811F-3F29-41AF-9022-EF76818C14C1','Devices','Sys.Search','设备维护',0,0,'IoTGateway.Controllers,Device',NULL,NULL,1,0,1,1,NULL,'/basicdata/device','layui-icon layui-icon-template','81F5E152-EAA1-4F13-81D2-EAF202C3B157');
INSERT INTO "FrameworkMenus" VALUES ('1995652E-BFA9-4C6B-B2CB-56E4951CBC16','获取属性','获取属性','设备维护',0,0,'IoTGateway.Controllers,Device','Attribute',NULL,0,0,8,1,NULL,'/basicdata/device/attribute',NULL,'0746811F-3F29-41AF-9022-EF76818C14C1');
INSERT INTO "FrameworkMenus" VALUES ('3704C311-473D-4155-85D7-C024E8632853','Sys.Search','Sys.Search','设备维护',0,0,'IoTGateway.Controllers,Device','Search',NULL,0,0,11,1,NULL,'/basicdata/device/search',NULL,'0746811F-3F29-41AF-9022-EF76818C14C1');
INSERT INTO "FrameworkMenus" VALUES ('406F12FF-89BE-4350-826B-E2588D7C740A','创建设备','创建设备','设备维护',0,0,'IoTGateway.Controllers,Device','Create',NULL,0,0,1,1,NULL,'/basicdata/device/create',NULL,'0746811F-3F29-41AF-9022-EF76818C14C1');
INSERT INTO "FrameworkMenus" VALUES ('4751EE4C-38FB-43A0-94FB-63DE5A46EC56','Sys.Edit','Sys.Edit','设备维护',0,0,'IoTGateway.Controllers,Device','Edit',NULL,0,0,3,1,NULL,'/basicdata/device/edit',NULL,'0746811F-3F29-41AF-9022-EF76818C14C1');
INSERT INTO "FrameworkMenus" VALUES ('8D5B3A99-3E82-41FE-81A0-4263272063C9','Sys.BatchEdit','Sys.BatchEdit','设备维护',0,0,'IoTGateway.Controllers,Device','BatchEdit',NULL,0,0,12,1,NULL,'/basicdata/device/batchedit',NULL,'0746811F-3F29-41AF-9022-EF76818C14C1');
INSERT INTO "FrameworkMenus" VALUES ('95D95639-25CE-442E-99F6-3CAF9CEBC0D1','Sys.BatchDelete','Sys.BatchDelete','设备维护',0,0,'IoTGateway.Controllers,Device','BatchDelete',NULL,0,0,13,1,NULL,'/basicdata/device/batchdelete',NULL,'0746811F-3F29-41AF-9022-EF76818C14C1');
INSERT INTO "FrameworkMenus" VALUES ('97ED144B-0007-4076-9979-F8059E4D1DC3','GetMethods','GetMethods','设备维护',0,0,'IoTGateway.Controllers,Device','GetMethods',NULL,0,0,9,1,NULL,'/basicdata/device/getmethods',NULL,'0746811F-3F29-41AF-9022-EF76818C14C1');
INSERT INTO "FrameworkMenus" VALUES ('9D862026-ABFF-43CB-9AA5-CB13C680C26E','导入Excel','导入Excel','设备维护',0,0,'IoTGateway.Controllers,Device','ImportExcel',NULL,0,0,10,1,NULL,'/basicdata/device/importexcel',NULL,'0746811F-3F29-41AF-9022-EF76818C14C1');
INSERT INTO "FrameworkMenus" VALUES ('B184D491-2F43-4B39-A73C-97C913A5ED9E','Sys.Details','Sys.Details','设备维护',0,0,'IoTGateway.Controllers,Device','Details',NULL,0,0,5,1,NULL,'/basicdata/device/details',NULL,'0746811F-3F29-41AF-9022-EF76818C14C1');
INSERT INTO "FrameworkMenus" VALUES ('D5DDAFDC-300C-4B37-9938-2C8B179CEA4B','Sys.Delete','Sys.Delete','设备维护',0,0,'IoTGateway.Controllers,Device','Delete',NULL,0,0,4,1,NULL,'/basicdata/device/delete',NULL,'0746811F-3F29-41AF-9022-EF76818C14C1');
INSERT INTO "FrameworkMenus" VALUES ('D62DF931-161B-45EA-9D2C-73BFB08605AE','Sys.Export','Sys.Export','设备维护',0,0,'IoTGateway.Controllers,Device','ExportExcel',NULL,0,0,14,1,NULL,'/basicdata/device/exportexcel',NULL,'0746811F-3F29-41AF-9022-EF76818C14C1');
INSERT INTO "FrameworkMenus" VALUES ('DB8A31E2-B1E1-4033-9A4B-2A571AD17353','设备复制','设备复制','设备维护',0,0,'IoTGateway.Controllers,Device','Copy',NULL,0,0,7,1,NULL,'/basicdata/device/copy',NULL,'0746811F-3F29-41AF-9022-EF76818C14C1');
INSERT INTO "FrameworkMenus" VALUES ('E784F29F-B39F-4C24-B775-BAEDA6CE9FFD','Sys.Create','Sys.Create','设备维护',0,0,'IoTGateway.Controllers,Device','CreateGroup',NULL,0,0,2,1,NULL,'/basicdata/device/creategroup',NULL,'0746811F-3F29-41AF-9022-EF76818C14C1');
INSERT INTO "FrameworkMenus" VALUES ('E8A759B8-69B6-46AF-9461-D7B663C6C337','Sys.Import','Sys.Import','设备维护',0,0,'IoTGateway.Controllers,Device','Import',NULL,0,0,6,1,NULL,'/basicdata/device/import',NULL,'0746811F-3F29-41AF-9022-EF76818C14C1');
INSERT INTO "FrameworkMenus" VALUES ('09D56A6F-6ECF-4D9F-9199-7DB88F007B6D','Communication','Sys.Search','设备参数配置',0,0,'IoTGateway.Controllers,DeviceConfig',NULL,NULL,1,0,2,1,NULL,'/basicdata/deviceconfig','layui-icon layui-icon-set','81F5E152-EAA1-4F13-81D2-EAF202C3B157');
INSERT INTO "FrameworkMenus" VALUES ('03EFDB08-A71C-4F57-AC55-3BD822FA4794','Sys.Import','Sys.Import','设备参数配置',0,0,'IoTGateway.Controllers,DeviceConfig','Import',NULL,0,0,5,1,NULL,'/basicdata/deviceconfig/import',NULL,'09D56A6F-6ECF-4D9F-9199-7DB88F007B6D');
INSERT INTO "FrameworkMenus" VALUES ('165F4F51-3805-4728-BEAB-15DB8CC962E1','Sys.Create','Sys.Create','设备参数配置',0,0,'IoTGateway.Controllers,DeviceConfig','Create',NULL,0,0,1,1,NULL,'/basicdata/deviceconfig/create',NULL,'09D56A6F-6ECF-4D9F-9199-7DB88F007B6D');
INSERT INTO "FrameworkMenus" VALUES ('18F381CB-99E9-4FA0-B68C-21986DBC7F94','Sys.Export','Sys.Export','设备参数配置',0,0,'IoTGateway.Controllers,DeviceConfig','ExportExcel',NULL,0,0,9,1,NULL,'/basicdata/deviceconfig/exportexcel',NULL,'09D56A6F-6ECF-4D9F-9199-7DB88F007B6D');
INSERT INTO "FrameworkMenus" VALUES ('3AAD62C4-E570-46F2-BC73-775667E1BB44','Sys.BatchDelete','Sys.BatchDelete','设备参数配置',0,0,'IoTGateway.Controllers,DeviceConfig','BatchDelete',NULL,0,0,8,1,NULL,'/basicdata/deviceconfig/batchdelete',NULL,'09D56A6F-6ECF-4D9F-9199-7DB88F007B6D');
INSERT INTO "FrameworkMenus" VALUES ('762A5873-356D-45DC-AB60-3CA9EA578A2B','Sys.Edit','Sys.Edit','设备参数配置',0,0,'IoTGateway.Controllers,DeviceConfig','Edit',NULL,0,0,2,1,NULL,'/basicdata/deviceconfig/edit',NULL,'09D56A6F-6ECF-4D9F-9199-7DB88F007B6D');
INSERT INTO "FrameworkMenus" VALUES ('8BA154B4-264D-4E20-91A2-A48D18383732','Sys.BatchEdit','Sys.BatchEdit','设备参数配置',0,0,'IoTGateway.Controllers,DeviceConfig','BatchEdit',NULL,0,0,7,1,NULL,'/basicdata/deviceconfig/batchedit',NULL,'09D56A6F-6ECF-4D9F-9199-7DB88F007B6D');
INSERT INTO "FrameworkMenus" VALUES ('909D6952-1C3F-482D-BEBF-C3E69805E011','Sys.Details','Sys.Details','设备参数配置',0,0,'IoTGateway.Controllers,DeviceConfig','Details',NULL,0,0,4,1,NULL,'/basicdata/deviceconfig/details',NULL,'09D56A6F-6ECF-4D9F-9199-7DB88F007B6D');
INSERT INTO "FrameworkMenus" VALUES ('ACB08507-C6D7-4B06-BB97-B345726564F0','Sys.Search','Sys.Search','设备参数配置',0,0,'IoTGateway.Controllers,DeviceConfig','Search',NULL,0,0,6,1,NULL,'/basicdata/deviceconfig/search',NULL,'09D56A6F-6ECF-4D9F-9199-7DB88F007B6D');
INSERT INTO "FrameworkMenus" VALUES ('B574F8A2-5BE1-4B5B-AC6F-D4B6BFC6FEBB','Sys.Delete','Sys.Delete','设备参数配置',0,0,'IoTGateway.Controllers,DeviceConfig','Delete',NULL,0,0,3,1,NULL,'/basicdata/deviceconfig/delete',NULL,'09D56A6F-6ECF-4D9F-9199-7DB88F007B6D');
INSERT INTO "FrameworkMenus" VALUES ('F6937893-2F57-457D-A6EE-B1702A925BEA','Variables','Sys.Search','设备变量配置',0,0,'IoTGateway.Controllers,DeviceVariable',NULL,NULL,1,0,3,1,NULL,'/basicdata/devicevariable','layui-icon layui-icon-table','81F5E152-EAA1-4F13-81D2-EAF202C3B157');
INSERT INTO "FrameworkMenus" VALUES ('36F09B2E-5D50-4472-B174-48C9B53B0EDB','Sys.Edit','Sys.Edit','设备变量配置',0,0,'IoTGateway.Controllers,DeviceVariable','Edit',NULL,0,0,2,1,NULL,'/basicdata/devicevariable/edit',NULL,'F6937893-2F57-457D-A6EE-B1702A925BEA');
INSERT INTO "FrameworkMenus" VALUES ('40E5460C-D743-4E3D-A8BF-E9664F793B77','下发页面','下发页面','设备变量配置',0,0,'IoTGateway.Controllers,DeviceVariable','SetValue',NULL,0,0,10,1,NULL,'/basicdata/devicevariable/setvalue',NULL,'F6937893-2F57-457D-A6EE-B1702A925BEA');
INSERT INTO "FrameworkMenus" VALUES ('44712D41-BDBD-4A33-BB37-F63C5F090513','下发确认按钮','下发确认按钮','设备变量配置',0,0,'IoTGateway.Controllers,DeviceVariable','DoSetValue',NULL,0,0,11,1,NULL,'/basicdata/devicevariable/dosetvalue',NULL,'F6937893-2F57-457D-A6EE-B1702A925BEA');
INSERT INTO "FrameworkMenus" VALUES ('52CDF668-925F-4013-8E16-3BB3E2EA1309','Sys.Delete','Sys.Delete','设备变量配置',0,0,'IoTGateway.Controllers,DeviceVariable','Delete',NULL,0,0,3,1,NULL,'/basicdata/devicevariable/delete',NULL,'F6937893-2F57-457D-A6EE-B1702A925BEA');
INSERT INTO "FrameworkMenus" VALUES ('579DDB97-499B-4424-8134-6ADB1D04D9F6','Sys.BatchEdit','Sys.BatchEdit','设备变量配置',0,0,'IoTGateway.Controllers,DeviceVariable','BatchEdit',NULL,0,0,7,1,NULL,'/basicdata/devicevariable/batchedit',NULL,'F6937893-2F57-457D-A6EE-B1702A925BEA');
INSERT INTO "FrameworkMenus" VALUES ('6C61E889-2643-49FA-83D5-53725A24B8BE','Sys.BatchDelete','Sys.BatchDelete','设备变量配置',0,0,'IoTGateway.Controllers,DeviceVariable','BatchDelete',NULL,0,0,8,1,NULL,'/basicdata/devicevariable/batchdelete',NULL,'F6937893-2F57-457D-A6EE-B1702A925BEA');
INSERT INTO "FrameworkMenus" VALUES ('7429AA26-B51C-41CC-BB53-E2581DB52BA8','Sys.Search','Sys.Search','设备变量配置',0,0,'IoTGateway.Controllers,DeviceVariable','Search',NULL,0,0,6,1,NULL,'/basicdata/devicevariable/search',NULL,'F6937893-2F57-457D-A6EE-B1702A925BEA');
INSERT INTO "FrameworkMenus" VALUES ('7494A32E-66D4-4270-9C17-FC11243DA930','Sys.Details','Sys.Details','设备变量配置',0,0,'IoTGateway.Controllers,DeviceVariable','Details',NULL,0,0,4,1,NULL,'/basicdata/devicevariable/details',NULL,'F6937893-2F57-457D-A6EE-B1702A925BEA');
INSERT INTO "FrameworkMenus" VALUES ('76D82E2F-15FB-497B-B6D0-DD28C580904E','Sys.Create','Sys.Create','设备变量配置',0,0,'IoTGateway.Controllers,DeviceVariable','Create',NULL,0,0,1,1,NULL,'/basicdata/devicevariable/create',NULL,'F6937893-2F57-457D-A6EE-B1702A925BEA');
INSERT INTO "FrameworkMenus" VALUES ('99F0E5DC-F30E-41C7-9F51-FE953275D34B','Sys.Export','Sys.Export','设备变量配置',0,0,'IoTGateway.Controllers,DeviceVariable','ExportExcel',NULL,0,0,9,1,NULL,'/basicdata/devicevariable/exportexcel',NULL,'F6937893-2F57-457D-A6EE-B1702A925BEA');
INSERT INTO "FrameworkMenus" VALUES ('C327A7A4-21FA-42D1-82B7-042022389F48','Sys.Import','Sys.Import','设备变量配置',0,0,'IoTGateway.Controllers,DeviceVariable','Import',NULL,0,0,5,1,NULL,'/basicdata/devicevariable/import',NULL,'F6937893-2F57-457D-A6EE-B1702A925BEA');
INSERT INTO "FrameworkMenus" VALUES ('01875130-9DC7-421E-8A49-6328824245B1','Gateway Conf',NULL,NULL,1,0,NULL,NULL,NULL,1,0,3,1,NULL,NULL,'layui-icon layui-icon-fonts-code',NULL);
INSERT INTO "FrameworkMenus" VALUES ('EF0321AC-EC6A-452D-A95C-C3BBD6C417C4','Transport','Sys.Search','系统配置',0,0,'IoTGateway.Controllers,SystemConfig',NULL,NULL,1,0,1,1,NULL,'/config/systemconfig','_wtmicon _wtmicon-xinhao','01875130-9DC7-421E-8A49-6328824245B1');
INSERT INTO "FrameworkMenus" VALUES ('14BFECB1-94FF-4FBC-85D2-7D19CD90E7A3','Sys.BatchEdit','Sys.BatchEdit','系统配置',0,0,'IoTGateway.Controllers,SystemConfig','BatchEdit',NULL,0,0,7,1,NULL,'/config/systemconfig/batchedit',NULL,'EF0321AC-EC6A-452D-A95C-C3BBD6C417C4');
INSERT INTO "FrameworkMenus" VALUES ('206AAFAA-1A92-44C4-9CBB-9794E6EED21E','Sys.Export','Sys.Export','系统配置',0,0,'IoTGateway.Controllers,SystemConfig','ExportExcel',NULL,0,0,9,1,NULL,'/config/systemconfig/exportexcel',NULL,'EF0321AC-EC6A-452D-A95C-C3BBD6C417C4');
INSERT INTO "FrameworkMenus" VALUES ('213033DE-5189-4FBE-9400-8B3DDA026072','Sys.BatchDelete','Sys.BatchDelete','系统配置',0,0,'IoTGateway.Controllers,SystemConfig','BatchDelete',NULL,0,0,8,1,NULL,'/config/systemconfig/batchdelete',NULL,'EF0321AC-EC6A-452D-A95C-C3BBD6C417C4');
INSERT INTO "FrameworkMenus" VALUES ('38F1B02F-0B55-4836-AE40-91BF1B3C210B','Sys.Search','Sys.Search','系统配置',0,0,'IoTGateway.Controllers,SystemConfig','Search',NULL,0,0,6,1,NULL,'/config/systemconfig/search',NULL,'EF0321AC-EC6A-452D-A95C-C3BBD6C417C4');
INSERT INTO "FrameworkMenus" VALUES ('5C5B916D-AD85-4280-A97E-CECAB26C9CA5','Sys.Import','Sys.Import','系统配置',0,0,'IoTGateway.Controllers,SystemConfig','Import',NULL,0,0,5,1,NULL,'/config/systemconfig/import',NULL,'EF0321AC-EC6A-452D-A95C-C3BBD6C417C4');
INSERT INTO "FrameworkMenus" VALUES ('A8725834-3405-4B34-9558-FDE05EA7F0C5','Sys.Edit','Sys.Edit','系统配置',0,0,'IoTGateway.Controllers,SystemConfig','Edit',NULL,0,0,2,1,NULL,'/config/systemconfig/edit',NULL,'EF0321AC-EC6A-452D-A95C-C3BBD6C417C4');
INSERT INTO "FrameworkMenus" VALUES ('ACCB8EF9-E64E-44EE-9668-984BB79D24AF','Sys.Delete','Sys.Delete','系统配置',0,0,'IoTGateway.Controllers,SystemConfig','Delete',NULL,0,0,3,1,NULL,'/config/systemconfig/delete',NULL,'EF0321AC-EC6A-452D-A95C-C3BBD6C417C4');
INSERT INTO "FrameworkMenus" VALUES ('B5E16B0F-07FE-4A30-A3DD-72A44951816D','Sys.Details','Sys.Details','系统配置',0,0,'IoTGateway.Controllers,SystemConfig','Details',NULL,0,0,4,1,NULL,'/config/systemconfig/details',NULL,'EF0321AC-EC6A-452D-A95C-C3BBD6C417C4');
INSERT INTO "FrameworkMenus" VALUES ('CBCBD07F-7F38-4F1B-9565-3C0AD2BF0CB7','Sys.Create','Sys.Create','系统配置',0,0,'IoTGateway.Controllers,SystemConfig','Create',NULL,0,0,1,1,NULL,'/config/systemconfig/create',NULL,'EF0321AC-EC6A-452D-A95C-C3BBD6C417C4');
INSERT INTO "FrameworkMenus" VALUES ('1D413F70-4D9E-4DE0-B36D-2F26AE39BFDF','Drivers','Sys.Search','驱动管理',0,0,'IoTGateway.Controllers,Driver',NULL,NULL,1,0,2,1,NULL,'/basicdata/driver','layui-icon layui-icon-code-circle','01875130-9DC7-421E-8A49-6328824245B1');
INSERT INTO "FrameworkMenus" VALUES ('004C0706-08AB-4454-AF7C-50A8A2C724AD','Sys.Delete','Sys.Delete','驱动管理',0,0,'IoTGateway.Controllers,Driver','Delete',NULL,0,0,3,1,NULL,'/basicdata/driver/delete',NULL,'1D413F70-4D9E-4DE0-B36D-2F26AE39BFDF');
INSERT INTO "FrameworkMenus" VALUES ('2B9EAE88-877B-4864-BC5D-2CA7B54DC0AF','Sys.Export','Sys.Export','驱动管理',0,0,'IoTGateway.Controllers,Driver','ExportExcel',NULL,0,0,9,1,NULL,'/basicdata/driver/exportexcel',NULL,'1D413F70-4D9E-4DE0-B36D-2F26AE39BFDF');
INSERT INTO "FrameworkMenus" VALUES ('5C6EECCF-3A04-4257-9D10-46A75DAFD96B','Sys.Create','Sys.Create','驱动管理',0,0,'IoTGateway.Controllers,Driver','Create',NULL,0,0,1,1,NULL,'/basicdata/driver/create',NULL,'1D413F70-4D9E-4DE0-B36D-2F26AE39BFDF');
INSERT INTO "FrameworkMenus" VALUES ('7FD58EE1-1C73-401F-8B2B-B16BF06620AD','Sys.Import','Sys.Import','驱动管理',0,0,'IoTGateway.Controllers,Driver','Import',NULL,0,0,5,1,NULL,'/basicdata/driver/import',NULL,'1D413F70-4D9E-4DE0-B36D-2F26AE39BFDF');
INSERT INTO "FrameworkMenus" VALUES ('82846C88-D224-4A47-B19D-638105BBDD35','Sys.BatchDelete','Sys.BatchDelete','驱动管理',0,0,'IoTGateway.Controllers,Driver','BatchDelete',NULL,0,0,8,1,NULL,'/basicdata/driver/batchdelete',NULL,'1D413F70-4D9E-4DE0-B36D-2F26AE39BFDF');
INSERT INTO "FrameworkMenus" VALUES ('8A7F3DDC-CB25-4AA5-8344-FBDA5E64D481','Sys.Search','Sys.Search','驱动管理',0,0,'IoTGateway.Controllers,Driver','Search',NULL,0,0,6,1,NULL,'/basicdata/driver/search',NULL,'1D413F70-4D9E-4DE0-B36D-2F26AE39BFDF');
INSERT INTO "FrameworkMenus" VALUES ('9FC537AF-CA92-4331-A4BA-0F1E8BC4CDA8','Sys.Details','Sys.Details','驱动管理',0,0,'IoTGateway.Controllers,Driver','Details',NULL,0,0,4,1,NULL,'/basicdata/driver/details',NULL,'1D413F70-4D9E-4DE0-B36D-2F26AE39BFDF');
INSERT INTO "FrameworkMenus" VALUES ('CDEE68E0-750B-4BFF-8814-2D12BF101489','Sys.Edit','Sys.Edit','驱动管理',0,0,'IoTGateway.Controllers,Driver','Edit',NULL,0,0,2,1,NULL,'/basicdata/driver/edit',NULL,'1D413F70-4D9E-4DE0-B36D-2F26AE39BFDF');
INSERT INTO "FrameworkMenus" VALUES ('E67A1E00-3A63-4C18-A7EE-1CC92C4F4784','Sys.BatchEdit','Sys.BatchEdit','驱动管理',0,0,'IoTGateway.Controllers,Driver','BatchEdit',NULL,0,0,7,1,NULL,'/basicdata/driver/batchedit',NULL,'1D413F70-4D9E-4DE0-B36D-2F26AE39BFDF');
INSERT INTO "FrameworkMenus" VALUES ('6FB3737A-0C6F-4D8F-BAE6-CD1BE3F22163','Client Status','Sys.Search','客户端状态',0,0,'IoTGateway.Controllers,MqttClient',NULL,NULL,1,0,3,1,NULL,'/mqttserver/mqttclient','layui-icon layui-icon-component','01875130-9DC7-421E-8A49-6328824245B1');
INSERT INTO "FrameworkMenus" VALUES ('C118661B-CDC5-47E4-98F2-17DDF7A1D416','Sys.Search','Sys.Search','客户端状态',0,0,'IoTGateway.Controllers,MqttClient','Search',NULL,0,0,1,1,NULL,'/mqttserver/mqttclient/search',NULL,'6FB3737A-0C6F-4D8F-BAE6-CD1BE3F22163');
INSERT INTO "FrameworkMenus" VALUES ('5AC226AC-0505-49E6-9769-7749BF93A1E0','Rpc Logs','Sys.Search','Rpc日志',0,0,'IoTGateway.Controllers,RpcLog',NULL,NULL,1,0,5,1,NULL,'/rpc/rpclog','_wtmicon _wtmicon-xiayibu',NULL);
INSERT INTO "FrameworkMenus" VALUES ('00BBF4E3-3AD0-403F-B89A-55B0D6CCD3BF','Sys.BatchDelete','Sys.BatchDelete','Rpc日志',0,0,'IoTGateway.Controllers,RpcLog','BatchDelete',NULL,0,0,8,1,NULL,'/rpc/rpclog/batchdelete',NULL,'5AC226AC-0505-49E6-9769-7749BF93A1E0');
INSERT INTO "FrameworkMenus" VALUES ('3FC4CC3E-26D4-4C2A-AFCF-1631C8F28F4E','Sys.Search','Sys.Search','Rpc日志',0,0,'IoTGateway.Controllers,RpcLog','Search',NULL,0,0,6,1,NULL,'/rpc/rpclog/search',NULL,'5AC226AC-0505-49E6-9769-7749BF93A1E0');
INSERT INTO "FrameworkMenus" VALUES ('5EC92B43-7324-4ED9-A986-AE53BB24B8E9','Sys.Export','Sys.Export','Rpc日志',0,0,'IoTGateway.Controllers,RpcLog','ExportExcel',NULL,0,0,9,1,NULL,'/rpc/rpclog/exportexcel',NULL,'5AC226AC-0505-49E6-9769-7749BF93A1E0');
INSERT INTO "FrameworkMenus" VALUES ('7C42411C-2D3A-453B-821D-BDAFF0AEE9B8','Sys.Delete','Sys.Delete','Rpc日志',0,0,'IoTGateway.Controllers,RpcLog','Delete',NULL,0,0,3,1,NULL,'/rpc/rpclog/delete',NULL,'5AC226AC-0505-49E6-9769-7749BF93A1E0');
INSERT INTO "FrameworkMenus" VALUES ('8039A2F5-FB61-4708-8103-969975C713B2','Sys.Import','Sys.Import','Rpc日志',0,0,'IoTGateway.Controllers,RpcLog','Import',NULL,0,0,5,1,NULL,'/rpc/rpclog/import',NULL,'5AC226AC-0505-49E6-9769-7749BF93A1E0');
INSERT INTO "FrameworkMenus" VALUES ('813D9B7D-49DB-42A7-8663-28D9A179CE09','Sys.BatchEdit','Sys.BatchEdit','Rpc日志',0,0,'IoTGateway.Controllers,RpcLog','BatchEdit',NULL,0,0,7,1,NULL,'/rpc/rpclog/batchedit',NULL,'5AC226AC-0505-49E6-9769-7749BF93A1E0');
INSERT INTO "FrameworkMenus" VALUES ('D6B51C96-0245-4628-89FE-8F1E8DE7E370','Sys.Details','Sys.Details','Rpc日志',0,0,'IoTGateway.Controllers,RpcLog','Details',NULL,0,0,4,1,NULL,'/rpc/rpclog/details',NULL,'5AC226AC-0505-49E6-9769-7749BF93A1E0');
INSERT INTO "FrameworkMenus" VALUES ('F5ADE813-6A79-4826-B74F-D3ECA5D68033','Sys.Create','Sys.Create','Rpc日志',0,0,'IoTGateway.Controllers,RpcLog','Create',NULL,0,0,1,1,NULL,'/rpc/rpclog/create',NULL,'5AC226AC-0505-49E6-9769-7749BF93A1E0');
INSERT INTO "FrameworkMenus" VALUES ('F860C4EB-62F4-45F0-9380-297D898B8F6A','Sys.Edit','Sys.Edit','Rpc日志',0,0,'IoTGateway.Controllers,RpcLog','Edit',NULL,0,0,2,1,NULL,'/rpc/rpclog/edit',NULL,'5AC226AC-0505-49E6-9769-7749BF93A1E0');
INSERT INTO "FrameworkMenus" VALUES ('2C667405-B8E5-46CF-9A3A-D397E665996B','IoTGatewayApi',NULL,NULL,1,0,NULL,NULL,NULL,1,0,99,1,NULL,NULL,' ',NULL);
INSERT INTO "FrameworkRoles" VALUES ('33B2816C-5B98-4E08-A009-9CB3062AB21A','002','管理员','',NULL,NULL,NULL,'2026-04-03 20:26:54.8324646','admin');
INSERT INTO "FrameworkRoles" VALUES ('DB130128-D029-42EA-932A-5C471C6C9E1C','001','超级管理员',NULL,NULL,NULL,NULL,NULL,NULL);
INSERT INTO "FrameworkRoles" VALUES ('6F0C8816-9CF3-4FC0-9C6F-DFDA0927FB22','003','操作员','',NULL,'2026-04-03 20:27:39.8957518','admin',NULL,NULL);
INSERT INTO "FrameworkUserGroups" VALUES ('E1201C82-EC54-4CB3-B779-2106599E17E5','M1','1',NULL,NULL,NULL,NULL,NULL);
INSERT INTO "FrameworkUserGroups" VALUES ('4D8D1ECD-9D6F-4A81-AEC7-BFF726C64233','M2','2',NULL,NULL,NULL,NULL,NULL);
INSERT INTO "FrameworkUserGroups" VALUES ('FBF017EE-18C4-4A4A-A708-CB5A4DDB3897','C12','1',NULL,NULL,NULL,NULL,NULL);
INSERT INTO "FrameworkUserGroups" VALUES ('95D7E38C-1F97-4F0B-9DBD-F998D81A1C66','C11','1',NULL,NULL,NULL,NULL,NULL);
INSERT INTO "FrameworkUserGroups" VALUES ('45533784-6623-44E6-9F44-A1D7AF30CD56','C21','2',NULL,NULL,NULL,NULL,NULL);
INSERT INTO "FrameworkUserGroups" VALUES ('8D9EFFF9-052D-4F59-9001-24340E2931C8','C22','2',NULL,NULL,NULL,NULL,NULL);
INSERT INTO "FrameworkUserRoles" VALUES ('247BD1C0-4080-41E3-8580-E62B737DC73F','admin','001',NULL,NULL,NULL,NULL,NULL);
INSERT INTO "FrameworkUserRoles" VALUES ('E145BA2B-C481-4922-AFF2-B509F03C70DD','M1','002',NULL,NULL,NULL,NULL,NULL);
INSERT INTO "FrameworkUserRoles" VALUES ('5B0A37CF-F660-49BA-A8C1-BE8087FA1AD6','M2','002',NULL,NULL,NULL,NULL,NULL);
INSERT INTO "FrameworkUserRoles" VALUES ('3A4847EA-3665-40EA-A9C9-01A80A48C2B3','C12','003',NULL,NULL,NULL,NULL,NULL);
INSERT INTO "FrameworkUserRoles" VALUES ('6E30034F-65CB-4859-9A8B-F03F6D06F700','C11','003',NULL,NULL,NULL,NULL,NULL);
INSERT INTO "FrameworkUserRoles" VALUES ('734D2BB5-343A-4315-9796-7F74D4CD7DBC','C21','003',NULL,NULL,NULL,NULL,NULL);
INSERT INTO "FrameworkUserRoles" VALUES ('5207CC4F-4389-4951-BD2D-FBCA878057D5','C22','003',NULL,NULL,NULL,NULL,NULL);
INSERT INTO "FrameworkUsers" VALUES ('32A6B3C0-8A98-4A84-B902-E7472E10E992',NULL,NULL,NULL,NULL,NULL,NULL,NULL,NULL,NULL,NULL,'admin','PBKDF2$100000$zmr05ZbK6pbeOIErPPoE9A==$z4sH59rXj5I3NGShZ3xlRS0rEvV9YpXhG+Ev27m/2e8=','Admin',1,NULL,NULL);
INSERT INTO "FrameworkUsers" VALUES ('92072875-25BE-44F8-AEBE-DC7E790F6347','',NULL,'','','','','2026-04-03 20:29:54.7009007','admin',NULL,NULL,'M1','PBKDF2$100000$9RFcMfxQPpK6CAONjizN0Q==$englqinLjNCWWHBueEYRaBiQxLhB/1r53YjjzVwLOS4=','M1',1,NULL,NULL);
INSERT INTO "FrameworkUsers" VALUES ('1F4BDF29-E75C-4764-B0C5-08880713466F','',NULL,'','','','','2026-04-03 20:30:35.0535833','admin',NULL,NULL,'M2','PBKDF2$100000$SxBuzpZ6l6R/ruqnTY/ukA==$miz9VVMwWoQosSKya3DjolfTLAj9OaGTtZNiuIOPMcE=','M2',1,NULL,NULL);
INSERT INTO "FrameworkUsers" VALUES ('ED7EF1C9-387B-4132-AB30-06EF429F25A4','',NULL,'','','','','2026-04-03 20:31:50.1276595','admin',NULL,NULL,'C12','PBKDF2$100000$IDb9UN5o2Z6aj8F+M549Jg==$WvCKp9G+1o+IV4cnhxDlRgCKTleaCUUs+8j6+8HoNSs=','C12',1,NULL,NULL);
INSERT INTO "FrameworkUsers" VALUES ('F5C5C12A-3555-44E0-A47D-3EE9A3956E08','',NULL,'','','','','2026-04-03 20:33:08.7311518','admin',NULL,NULL,'C11','PBKDF2$100000$8KcPhw/yRNadEtzS09nvUg==$Nv1N9UGP6ajtgQ2EjwxfbQ7D00ClIVEWgQgRgLhe+u4=','C11',1,NULL,NULL);
INSERT INTO "FrameworkUsers" VALUES ('F3249DFC-8FE1-4271-BF85-60BD1727C723','',NULL,'','','','','2026-04-03 20:33:40.9209736','admin',NULL,NULL,'C21','PBKDF2$100000$LBMz7tU6DOY7VuQ7EZKULQ==$Vub8PGZcbLphE1JNI69RtdgWnrys4e/z8NdIbqWOgJw=','C21',1,NULL,NULL);
INSERT INTO "FrameworkUsers" VALUES ('44322384-5787-47F7-BECF-7703115FC329','',NULL,'','','','','2026-04-03 20:34:03.7577474','admin',NULL,NULL,'C22','PBKDF2$100000$BVz/D6R64yS+ZgoFx8kuNw==$MUb+wVBCgq6hCjxyI6zhcD/yzxW3+M9q7Ua9BKkqGfc=','C22',1,NULL,NULL);
INSERT INTO "FunctionPrivileges" VALUES ('006654F8-6F87-4B1B-881E-231695FE652C','001','76E5A900-E095-4EE1-B763-0B7B7A29DFA7',1,NULL,NULL,NULL,NULL,NULL);
INSERT INTO "FunctionPrivileges" VALUES ('02FB9FA8-769F-4091-A506-96DA9BFA1911','001','1B1A7D23-6669-49B6-951B-426973E3F4F7',1,NULL,NULL,NULL,NULL,NULL);
INSERT INTO "FunctionPrivileges" VALUES ('031D412A-4682-4D94-BC01-B68B69EAA491','001','11AE312D-BED1-4FE7-BDF2-3D3103816B10',1,NULL,NULL,NULL,NULL,NULL);
INSERT INTO "FunctionPrivileges" VALUES ('04571DC5-6A40-4D42-8DC9-32697DBC11E8','001','5341B7BE-9F67-40EC-8E9E-B6D5AB76A7F3',1,NULL,NULL,NULL,NULL,NULL);
INSERT INTO "FunctionPrivileges" VALUES ('04A65784-CDD1-4B78-B828-DFFCD60CDC05','001','81C352F1-F351-41F3-9C92-7C07270954FA',1,NULL,NULL,NULL,NULL,NULL);
INSERT INTO "FunctionPrivileges" VALUES ('058361C0-17C9-4CBF-A0C5-9FEAED02216B','001','D7BF133E-53C7-43D6-91BC-A75BA8931764',1,NULL,NULL,NULL,NULL,NULL);
INSERT INTO "FunctionPrivileges" VALUES ('080967D3-F1DC-4267-B86E-FAB2424104E8','001','61D5E0A7-F7D8-492C-8A29-AFABAA8CAEA3',1,NULL,NULL,NULL,NULL,NULL);
INSERT INTO "FunctionPrivileges" VALUES ('09619CC8-9AEC-4A2E-B8FE-1A0D15CAE2D4','001','B813397A-C256-4CCA-BE26-9BD9362AA405',1,NULL,NULL,NULL,NULL,NULL);
INSERT INTO "FunctionPrivileges" VALUES ('0B050718-91F5-4025-9AE8-3BC323140FF8','001','FFEF56A9-00A9-46EB-9612-A38465A7B624',1,NULL,NULL,NULL,NULL,NULL);
INSERT INTO "FunctionPrivileges" VALUES ('0BAB8828-695A-4851-9AE7-B17A09A88C8D','001','17244F4C-1A68-4103-ACEE-A9D00019031C',1,NULL,NULL,NULL,NULL,NULL);
INSERT INTO "FunctionPrivileges" VALUES ('0C405ADE-FB28-45B1-9A42-1E76BB43CBD1','001','54D8548B-CBA8-45C2-A946-E92CBCEB82A1',1,NULL,NULL,NULL,NULL,NULL);
INSERT INTO "FunctionPrivileges" VALUES ('0C44FFDD-D1A3-42FE-94C0-02513E399D37','001','6BCB4394-71AF-4AF0-ABA6-21248FDBA211',1,NULL,NULL,NULL,NULL,NULL);
INSERT INTO "FunctionPrivileges" VALUES ('0CC3B5FA-C5BC-4B4A-A360-2B8AFDA4CE44','001','64C00654-2B94-4B3C-A13A-F238D20774C4',1,NULL,NULL,NULL,NULL,NULL);
INSERT INTO "FunctionPrivileges" VALUES ('0D6AFB0F-7A96-4F66-ADA1-FD792CC26245','001','2E6D6901-A90F-42EE-AF9E-4DA8A2483A29',1,NULL,NULL,NULL,NULL,NULL);
INSERT INTO "FunctionPrivileges" VALUES ('0EB356CA-ECC0-49F3-A346-59363BE0F98A','001','4EED49BF-E1CF-4C17-97FD-73183B0ECD41',1,NULL,NULL,NULL,NULL,NULL);
INSERT INTO "FunctionPrivileges" VALUES ('10342B5B-A0B6-463A-A0E7-D134E554B59B','001','55E34A03-6C28-4D7B-85EB-EEC141F3C51E',1,NULL,NULL,NULL,NULL,NULL);
INSERT INTO "FunctionPrivileges" VALUES ('10677E78-2B30-425A-8B91-E2BA2A8B8052','001','C97AC449-5184-412C-B2E9-BF6517DCE76A',1,NULL,NULL,NULL,NULL,NULL);
INSERT INTO "FunctionPrivileges" VALUES ('120DE65C-9F90-4490-A495-8C13D73B0051','001','C47FA9EE-2CE8-42B0-B0DE-4A3C71B2DCEB',1,NULL,NULL,NULL,NULL,NULL);
INSERT INTO "FunctionPrivileges" VALUES ('18DFFC6D-5B71-4851-9945-475921DBBEAA','001','F5CE64E3-44E2-4B67-9682-A80904BC77B3',1,NULL,NULL,NULL,NULL,NULL);
INSERT INTO "FunctionPrivileges" VALUES ('1B7E7B55-5FF7-4C4E-A6A8-3EC8CCF1485D','001','E2E01E76-B0B2-4632-92E6-4A68254440EC',1,NULL,NULL,NULL,NULL,NULL);
INSERT INTO "FunctionPrivileges" VALUES ('1C0E835A-9311-4BD5-AD3A-6D2F66FF799E','001','6FF1C767-6C67-485D-BFF8-174E09DE0A24',1,NULL,NULL,NULL,NULL,NULL);
INSERT INTO "FunctionPrivileges" VALUES ('1D50B45D-FAD1-487A-AD2C-D54956E36537','001','0F3CD56F-1888-4B48-8BD4-D87D4D02C1A4',1,NULL,NULL,NULL,NULL,NULL);
INSERT INTO "FunctionPrivileges" VALUES ('203B3D98-64DA-45F6-8E0A-ADABBCA3D77D','001','D3D8B379-EB1B-4114-BE04-F3877FA6C61D',1,NULL,NULL,NULL,NULL,NULL);
INSERT INTO "FunctionPrivileges" VALUES ('20D5D1DE-4D1F-47F8-AF61-5027362D71A9','001','6FF0CEA7-36C7-4A02-9C47-C70F0B014510',1,NULL,NULL,NULL,NULL,NULL);
INSERT INTO "FunctionPrivileges" VALUES ('21E8F7BE-8BCD-4630-B2BB-C0329A72587F','001','93B4144B-82F5-4686-94C9-039F7AFDD18C',1,NULL,NULL,NULL,NULL,NULL);
INSERT INTO "FunctionPrivileges" VALUES ('22391443-D276-4615-9310-85EF690B083D','001','859DDC8D-F3EE-4EE8-8156-B43611D0E277',1,NULL,NULL,NULL,NULL,NULL);
INSERT INTO "FunctionPrivileges" VALUES ('22CA3BAF-128E-4953-A5C6-88E756390EE4','001','B59993DA-9185-404C-8983-85AF6150101B',1,NULL,NULL,NULL,NULL,NULL);
INSERT INTO "FunctionPrivileges" VALUES ('25918F68-CECE-4CDE-868D-2E272BD239B1','001','A2FB65E5-E187-4014-91F0-E59E73B18284',1,NULL,NULL,NULL,NULL,NULL);
INSERT INTO "FunctionPrivileges" VALUES ('26F436F5-A53A-4E36-A945-D9F96A6F439E','001','86CD547C-EA91-46AA-834C-6D7912C2BF39',1,NULL,NULL,NULL,NULL,NULL);
INSERT INTO "FunctionPrivileges" VALUES ('275A7BB1-116B-4574-91E0-D9519FC3DBEA','001','809F9CAC-A677-4730-8D19-30A92CD04AD0',1,NULL,NULL,NULL,NULL,NULL);
INSERT INTO "FunctionPrivileges" VALUES ('29ECFB1A-618C-4577-B90D-38672F1A508C','001','30162932-DEE8-4199-9C73-0C05EDC3CDE6',1,NULL,NULL,NULL,NULL,NULL);
INSERT INTO "FunctionPrivileges" VALUES ('2B62BBE3-B5AA-45F1-B41C-48163F9FED09','001','E8D126D5-FF4A-492D-8ADB-B55239486939',1,NULL,NULL,NULL,NULL,NULL);
INSERT INTO "FunctionPrivileges" VALUES ('3444DBD5-6621-4A24-B9F9-03668F46B8DF','001','0EF613D7-BC89-46BD-90D6-E522B935DDF1',1,NULL,NULL,NULL,NULL,NULL);
INSERT INTO "FunctionPrivileges" VALUES ('359A0967-0D9C-4260-8EBD-570A298F86D2','001','BB06759A-A805-467E-AD49-E78C5C9B9BFF',1,NULL,NULL,NULL,NULL,NULL);
INSERT INTO "FunctionPrivileges" VALUES ('394524E3-91A2-436B-B1C9-B75B60E120E0','001','C00F0D1C-E422-41DA-B9A6-9D922C3DA51F',1,NULL,NULL,NULL,NULL,NULL);
INSERT INTO "FunctionPrivileges" VALUES ('3EF8B202-2D17-4CB4-8760-A4754DB60D38','001','634AB105-9BF6-4F58-BB06-EAAF6D9EDCAA',1,NULL,NULL,NULL,NULL,NULL);
INSERT INTO "FunctionPrivileges" VALUES ('417AECA9-D34F-460F-A6E1-F124EA2CD556','001','29F55D04-C40D-413D-A0B0-1C69BA716D18',1,NULL,NULL,NULL,NULL,NULL);
INSERT INTO "FunctionPrivileges" VALUES ('42E04B70-03EC-4148-AA94-4338D18AC202','001','49030C12-8C7C-4C4A-ACF7-DCBE7F87598E',1,NULL,NULL,NULL,NULL,NULL);
INSERT INTO "FunctionPrivileges" VALUES ('4662FD53-EAB2-44E8-AFCD-2F6A99F59D86','001','74DA41D9-DFD0-4483-9A51-9B4A167EB59C',1,NULL,NULL,NULL,NULL,NULL);
INSERT INTO "FunctionPrivileges" VALUES ('47FA2C18-969A-4FA2-9C7C-416E403690FD','001','1E8E5370-EA37-46FC-B864-3006FA84CA3D',1,NULL,NULL,NULL,NULL,NULL);
INSERT INTO "FunctionPrivileges" VALUES ('48AC2A88-0BAD-4861-8CDE-02B2E1117D80','001','7867B523-9162-4A3A-9193-222E6D11272E',1,NULL,NULL,NULL,NULL,NULL);
INSERT INTO "FunctionPrivileges" VALUES ('4EE2D7CB-0283-4D5D-A3F2-0523D1C27953','001','E546B763-8327-4844-B57C-52BB50844293',1,NULL,NULL,NULL,NULL,NULL);
INSERT INTO "FunctionPrivileges" VALUES ('4F0E6E55-1075-430C-83DB-42DCF5057484','001','367F6A2F-B79D-4308-834F-0AD1E63CC746',1,NULL,NULL,NULL,NULL,NULL);
INSERT INTO "FunctionPrivileges" VALUES ('51530641-0C9B-4812-B5D3-4FC846C0BD16','001','A764F2E1-E640-4906-8350-DE6289E946EA',1,NULL,NULL,NULL,NULL,NULL);
INSERT INTO "FunctionPrivileges" VALUES ('51CBF2B9-E5D2-4AEA-A25A-6365A4DE1216','001','B66F2EC7-C201-4353-BF54-921368C7BA54',1,NULL,NULL,NULL,NULL,NULL);
INSERT INTO "FunctionPrivileges" VALUES ('53C0141C-3176-40ED-8663-9E52B49A2665','001','5466DE4E-1590-4533-88EB-C18209AC5805',1,NULL,NULL,NULL,NULL,NULL);
INSERT INTO "FunctionPrivileges" VALUES ('555D2537-6E7F-4A52-A53F-83D803DDF429','001','86E40CB5-BB61-4725-AC08-5B69016E7569',1,NULL,NULL,NULL,NULL,NULL);
INSERT INTO "FunctionPrivileges" VALUES ('566080E7-75E6-49F0-ABA3-3893515893A2','001','D69BD89F-D9D0-413C-B0C0-2A7DA235AF47',1,NULL,NULL,NULL,NULL,NULL);
INSERT INTO "FunctionPrivileges" VALUES ('574B52F7-9013-4356-91BE-F2B22437A1FA','001','281E2AE2-68D3-48AF-8AD7-ED09A0F4AC61',1,NULL,NULL,NULL,NULL,NULL);
INSERT INTO "FunctionPrivileges" VALUES ('580EBE0D-7A16-4FCB-91A1-CCCF2E12ADDA','001','340CC325-FDB2-4379-803D-7EB123054002',1,NULL,NULL,NULL,NULL,NULL);
INSERT INTO "FunctionPrivileges" VALUES ('5EA2B304-C37D-445B-8B0B-6C45D46ACD52','001','DA14CA5B-FE85-46D8-8DAD-8342FB48D02D',1,NULL,NULL,NULL,NULL,NULL);
INSERT INTO "FunctionPrivileges" VALUES ('62A5D9D6-C741-443F-88AB-7ECA57405167','001','21408860-7EBD-4197-A43F-1047C09F0C48',1,NULL,NULL,NULL,NULL,NULL);
INSERT INTO "FunctionPrivileges" VALUES ('62B9A421-629A-48B8-AF85-D36461375130','001','5B0FB30F-0586-473A-8171-785B25CD5741',1,NULL,NULL,NULL,NULL,NULL);
INSERT INTO "FunctionPrivileges" VALUES ('634E6D5F-3D02-4BFB-BBDE-8D3E89EE5E15','001','57D2118D-C925-4316-AFDF-9F8395962742',1,NULL,NULL,NULL,NULL,NULL);
INSERT INTO "FunctionPrivileges" VALUES ('64E5E57C-0C6E-47E6-B23D-26FD918EC6B6','001','564D4EF1-F77A-456F-B8A4-64671630C47A',1,NULL,NULL,NULL,NULL,NULL);
INSERT INTO "FunctionPrivileges" VALUES ('6D38C11A-490F-40D5-A175-0A817E0B6DFB','001','D7F86435-93E8-4265-9426-70BF7BDF5FD9',1,NULL,NULL,NULL,NULL,NULL);
INSERT INTO "FunctionPrivileges" VALUES ('6F8640FB-2AA5-4E5D-B089-8D482B203172','001','51ABB1CD-37B5-4D3C-B926-5E28C86C7508',1,NULL,NULL,NULL,NULL,NULL);
INSERT INTO "FunctionPrivileges" VALUES ('70517B98-84AA-4825-9C45-B8114D3DEE46','001','9E216AA9-06EE-4FBB-9D0B-3FBB3B3A0556',1,NULL,NULL,NULL,NULL,NULL);
INSERT INTO "FunctionPrivileges" VALUES ('744B3DC8-D182-41DC-818E-EEF41CF41604','001','C1DE98A9-B269-482C-B704-FCC8622D2D4E',1,NULL,NULL,NULL,NULL,NULL);
INSERT INTO "FunctionPrivileges" VALUES ('752C91E5-6EF7-4BD9-9215-A0DF319D536B','001','6E7F5E8B-2159-4669-8D03-6A70B8D48A25',1,NULL,NULL,NULL,NULL,NULL);
INSERT INTO "FunctionPrivileges" VALUES ('75E17067-14CA-4F4C-8CE5-F7B14144CEA0','001','E55A670E-AB27-4D05-AA87-B30D8C06A28F',1,NULL,NULL,NULL,NULL,NULL);
INSERT INTO "FunctionPrivileges" VALUES ('7785E9AA-5F00-4AED-821A-0AD6FEC46A62','001','1CDBE0A4-4B2D-4863-8640-5FCD06EE5D5D',1,NULL,NULL,NULL,NULL,NULL);
INSERT INTO "FunctionPrivileges" VALUES ('7DCC8904-CA55-4EB9-A2EF-CD90F0C7087F','001','CC954041-988F-4A10-917C-9615DFB40739',1,NULL,NULL,NULL,NULL,NULL);
INSERT INTO "FunctionPrivileges" VALUES ('81216D4F-B1E8-4F4B-A70D-2A14C1153FED','001','F543AD65-0151-4EE6-9181-0092C63248EB',1,NULL,NULL,NULL,NULL,NULL);
INSERT INTO "FunctionPrivileges" VALUES ('817389AC-F988-4CC2-8F21-106E1A84B543','001','D4BFF078-D8EA-4D67-85F6-F35A096B1607',1,NULL,NULL,NULL,NULL,NULL);
INSERT INTO "FunctionPrivileges" VALUES ('83ECDBA3-7E67-4DFD-8BF9-2083BEAF4CB2','001','1EB54B27-47C2-4A42-9D8B-72F6DBD6DF83',1,NULL,NULL,NULL,NULL,NULL);
INSERT INTO "FunctionPrivileges" VALUES ('84EB5D6F-CCB5-432D-AF1A-5EA36FFF9FF6','001','0C702338-AC7D-42B8-BC97-4163D9FDC466',1,NULL,NULL,NULL,NULL,NULL);
INSERT INTO "FunctionPrivileges" VALUES ('87C4BE1B-90E6-4B5F-B796-BE9374108DD2','001','21A9AC35-A751-4BB6-B0B3-07032083E1B3',1,NULL,NULL,NULL,NULL,NULL);
INSERT INTO "FunctionPrivileges" VALUES ('8CFEF3ED-FBC6-4650-8354-D6187A29120F','001','D73E67E5-B2C0-4B33-BA83-BC0201051739',1,NULL,NULL,NULL,NULL,NULL);
INSERT INTO "FunctionPrivileges" VALUES ('8DDB3534-3B15-4751-9615-7D460FF0E91F','001','447E3158-C57F-4832-8251-1BAE05664E4C',1,NULL,NULL,NULL,NULL,NULL);
INSERT INTO "FunctionPrivileges" VALUES ('90C25F41-A073-460A-9CE0-0366D1492C92','001','A864330F-C89A-426F-9400-A2846EDB0610',1,NULL,NULL,NULL,NULL,NULL);
INSERT INTO "FunctionPrivileges" VALUES ('90E53A25-E0A0-4B41-8653-F451172000BF','001','65EAE24A-885C-4711-83CD-600A146AEBB2',1,NULL,NULL,NULL,NULL,NULL);
INSERT INTO "FunctionPrivileges" VALUES ('91291D01-3B4A-487A-A0DC-9C2DE9E839B7','001','91B57246-2F13-430F-848D-33BED7022452',1,NULL,NULL,NULL,NULL,NULL);
INSERT INTO "FunctionPrivileges" VALUES ('91FFAAF0-697B-48FE-9F19-82587F4EE88E','001','F0AF0A21-E199-4837-A198-3B0EDDF3F50A',1,NULL,NULL,NULL,NULL,NULL);
INSERT INTO "FunctionPrivileges" VALUES ('94EB2F62-0972-4915-A720-00FCABC7B452','001','E0152543-8078-4B60-A099-FFA434C0C1FC',1,NULL,NULL,NULL,NULL,NULL);
INSERT INTO "FunctionPrivileges" VALUES ('94FA0FBB-5CF9-4F1E-9A16-3BFB57E4A088','001','A2B9D92D-EC0E-462C-8C41-2AEBAD6FEA56',1,NULL,NULL,NULL,NULL,NULL);
INSERT INTO "FunctionPrivileges" VALUES ('9503704D-C345-48A0-B2EA-441AE29E8A35','001','AB4D2F06-7FA1-4E17-9DCA-AD8C188BBC99',1,NULL,NULL,NULL,NULL,NULL);
INSERT INTO "FunctionPrivileges" VALUES ('96BB5DA8-FBD5-47A3-93D6-0ED10680D2ED','001','5E69990D-0772-4869-9342-24BBA5617F26',1,NULL,NULL,NULL,NULL,NULL);
INSERT INTO "FunctionPrivileges" VALUES ('9BABA407-FC77-49D0-8428-31CBAF93D0B8','001','583B1273-8852-4E09-B0C4-A718A4566F1B',1,NULL,NULL,NULL,NULL,NULL);
INSERT INTO "FunctionPrivileges" VALUES ('A1D6747A-1455-4510-8CB9-D88B189A99E0','001','A03E4A7B-DD5A-4696-8E97-02CFC20183F9',1,NULL,NULL,NULL,NULL,NULL);
INSERT INTO "FunctionPrivileges" VALUES ('A2EA1FEF-51F2-4837-AEEB-CF26C2F540F3','001','19D153B2-34F3-4007-926A-FE81B5C94374',1,NULL,NULL,NULL,NULL,NULL);
INSERT INTO "FunctionPrivileges" VALUES ('A31C3253-8592-43DD-B415-8EA9F0F8A7ED','001','6DBECA41-81B9-4914-8632-21623FF7D2CE',1,NULL,NULL,NULL,NULL,NULL);
INSERT INTO "FunctionPrivileges" VALUES ('AC78382A-C309-45D5-B6B1-437355C57CA7','001','99E1A296-EE89-48B6-857C-1441B982484D',1,NULL,NULL,NULL,NULL,NULL);
INSERT INTO "FunctionPrivileges" VALUES ('B001280B-0918-4395-A17C-4CD6BAD75288','001','3D8B6F74-8969-4EE0-8713-4364232ABA85',1,NULL,NULL,NULL,NULL,NULL);
INSERT INTO "FunctionPrivileges" VALUES ('B3B82938-D716-4558-9263-FFC61B42F668','001','545AA5D3-D34E-40B2-AA7A-E619B84B1CCF',1,NULL,NULL,NULL,NULL,NULL);
INSERT INTO "FunctionPrivileges" VALUES ('B5E7D261-697C-4B84-9CE9-0CF1E9BF17DF','001','24834999-B79D-4703-918D-AECB12D5ACED',1,NULL,NULL,NULL,NULL,NULL);
INSERT INTO "FunctionPrivileges" VALUES ('B81B661F-987A-461E-BE25-7C2BFBD57611','001','39016344-C230-495B-A27D-80034A716D85',1,NULL,NULL,NULL,NULL,NULL);
INSERT INTO "FunctionPrivileges" VALUES ('BA346F1E-A4E6-4DFE-9805-7991C6D712EB','001','4BE32644-ECA3-4E1E-91DC-414F3DB04CEF',1,NULL,NULL,NULL,NULL,NULL);
INSERT INTO "FunctionPrivileges" VALUES ('BDAAB9FD-F337-448D-A57F-E8982319011E','001','939C24AC-9152-46F9-BB8F-E7F17956217E',1,NULL,NULL,NULL,NULL,NULL);
INSERT INTO "FunctionPrivileges" VALUES ('C123AEBD-424A-4343-9D73-D74BEB5C1F2B','001','C33C617A-40B8-46E5-A4AF-9700AE48A4F2',1,NULL,NULL,NULL,NULL,NULL);
INSERT INTO "FunctionPrivileges" VALUES ('C372D71B-F4EF-43CA-BAE0-B4037F0016A1','001','32FEB2D0-4496-4C0A-8007-ECA77A7F6ED2',1,NULL,NULL,NULL,NULL,NULL);
INSERT INTO "FunctionPrivileges" VALUES ('C85EE97B-FA73-40C1-A352-6E25EFAF0BDC','001','701F7AB4-CF44-4392-90E3-A1B7E2B112CF',1,NULL,NULL,NULL,NULL,NULL);
INSERT INTO "FunctionPrivileges" VALUES ('CBAF427A-AF1C-4523-BC50-20BC0ED7560B','001','38319356-8FA4-461D-BA60-444C26AD35AC',1,NULL,NULL,NULL,NULL,NULL);
INSERT INTO "FunctionPrivileges" VALUES ('CD1FA996-712B-4813-A451-8023169ECC7C','001','17D561DA-6C36-4F6F-B0C6-B8801FE4083A',1,NULL,NULL,NULL,NULL,NULL);
INSERT INTO "FunctionPrivileges" VALUES ('CD3E8B2D-5296-4A60-B4CC-0A9A24FDF153','001','3BD30062-1333-4946-ACE0-9172A5E5C9DB',1,NULL,NULL,NULL,NULL,NULL);
INSERT INTO "FunctionPrivileges" VALUES ('CDA97ECC-5571-4041-89C3-8F33029EF209','001','1C415F96-7ECB-45BE-A5E3-6308C6556394',1,NULL,NULL,NULL,NULL,NULL);
INSERT INTO "FunctionPrivileges" VALUES ('CDB53202-5EE0-4AF0-89F0-D5615F736ACB','001','CFDB0BD8-2E71-4579-95B0-29B7B2F7ECC9',1,NULL,NULL,NULL,NULL,NULL);
INSERT INTO "FunctionPrivileges" VALUES ('D0BABCED-5837-4A43-9DCB-EB540DF025EE','001','F7C60094-4235-410D-8610-3356B5DBC8AE',1,NULL,NULL,NULL,NULL,NULL);
INSERT INTO "FunctionPrivileges" VALUES ('D1A76510-D51A-4DBA-944D-6DB3CEA846E2','001','AB6E3395-B483-4683-BD1A-6DE95BE3CDCA',1,NULL,NULL,NULL,NULL,NULL);
INSERT INTO "FunctionPrivileges" VALUES ('D95B76B5-2D0F-4D9C-A6EA-5BA3D5FE7224','001','B2FF9132-C787-45B0-9A9D-ECB658F04A57',1,NULL,NULL,NULL,NULL,NULL);
INSERT INTO "FunctionPrivileges" VALUES ('DAB361D2-EC41-4FCB-BD39-5A1D3601AF0F','001','61658EEE-A950-42E5-BB11-023157EC58B7',1,NULL,NULL,NULL,NULL,NULL);
INSERT INTO "FunctionPrivileges" VALUES ('E133DC2E-4773-46A0-9887-9E926E4EC59F','001','C4594508-B706-43B2-8649-D0CF88E1C822',1,NULL,NULL,NULL,NULL,NULL);
INSERT INTO "FunctionPrivileges" VALUES ('E3E13665-413B-4858-B7AE-A965DEF9C03D','001','A0A1140E-1C43-40D4-8432-D1FCB1D06C93',1,NULL,NULL,NULL,NULL,NULL);
INSERT INTO "FunctionPrivileges" VALUES ('E4015ACC-CEFF-47A4-B495-0EA412A58D17','001','4DB083C5-C3EB-4234-98FB-25E4A8C80D9F',1,NULL,NULL,NULL,NULL,NULL);
INSERT INTO "FunctionPrivileges" VALUES ('E48260E8-4918-47B9-84D9-F5A415A024E3','001','AC298646-ACC4-49CF-ADF2-EF71A436EE4B',1,NULL,NULL,NULL,NULL,NULL);
INSERT INTO "FunctionPrivileges" VALUES ('E5B531FC-F0ED-4DC5-B655-933008371602','001','666CCDE8-8753-4515-B7B2-E85ED4692850',1,NULL,NULL,NULL,NULL,NULL);
INSERT INTO "FunctionPrivileges" VALUES ('E7EE09DA-FD17-40DB-BB72-1246FC43E11C','001','46248863-F71A-4201-B642-1F68203E1FCF',1,NULL,NULL,NULL,NULL,NULL);
INSERT INTO "FunctionPrivileges" VALUES ('E8F10C64-4A65-4911-A4E8-23B60EFFBA1C','001','E608411B-BA2F-4F93-9232-BB98D85E6592',1,NULL,NULL,NULL,NULL,NULL);
INSERT INTO "FunctionPrivileges" VALUES ('EC8474A3-8C08-4391-9EB0-95D1634816B5','001','AD70B881-B440-4416-A06C-D974FB4F3778',1,NULL,NULL,NULL,NULL,NULL);
INSERT INTO "FunctionPrivileges" VALUES ('ECBC06D7-F79A-46FC-A1AF-62E930BF137A','001','DF11F9FA-DFE3-45FE-9560-855CCDF5912B',1,NULL,NULL,NULL,NULL,NULL);
INSERT INTO "FunctionPrivileges" VALUES ('EE307706-3A56-4F50-98B1-4874406482C2','001','463B04DC-A132-400F-B193-DE4BE2AB4A9F',1,NULL,NULL,NULL,NULL,NULL);
INSERT INTO "FunctionPrivileges" VALUES ('F0A95703-C062-4752-A0FC-3E94D0741D71','001','55E70960-13E9-4831-9981-3CA62129C696',1,NULL,NULL,NULL,NULL,NULL);
INSERT INTO "FunctionPrivileges" VALUES ('F0D84165-23FD-4555-BEBA-3CD7B566B044','001','57C23A89-6B5B-41C5-A0E0-9BBE4B197DA1',1,NULL,NULL,NULL,NULL,NULL);
INSERT INTO "FunctionPrivileges" VALUES ('F816F4B7-A527-4CAF-B485-1F40ED63CC9F','001','52875D0E-1FAB-4816-AF2F-A8E24AEBBD70',1,NULL,NULL,NULL,NULL,NULL);
INSERT INTO "FunctionPrivileges" VALUES ('2C7EE605-0D68-49F7-ABA8-8B55E92C1032','001','484220FA-4727-47B8-9E05-F351C9E055B0',1,NULL,NULL,NULL,NULL,NULL);
INSERT INTO "FunctionPrivileges" VALUES ('8D6EE1D5-376E-4759-A4BE-DF58C4D56543','001','2610CC93-4B18-477B-AE25-65BA8C7833BA',1,NULL,NULL,NULL,NULL,NULL);
INSERT INTO "FunctionPrivileges" VALUES ('83431941-25AC-47AE-BB13-2F016016C129','001','01875130-9DC7-421E-8A49-6328824245B1',1,NULL,NULL,NULL,NULL,NULL);
INSERT INTO "FunctionPrivileges" VALUES ('CBC90614-B7BB-4531-9092-7E6824444D72','001','6FB3737A-0C6F-4D8F-BAE6-CD1BE3F22163',1,NULL,NULL,NULL,NULL,NULL);
INSERT INTO "FunctionPrivileges" VALUES ('D8FB81D5-4C10-47BD-9F3F-98ECE37FB059','001','C118661B-CDC5-47E4-98F2-17DDF7A1D416',1,NULL,NULL,NULL,NULL,NULL);
INSERT INTO "FunctionPrivileges" VALUES ('13FD0A39-348B-44EB-B598-96D4780B2034','001','406F12FF-89BE-4350-826B-E2588D7C740A',1,NULL,NULL,NULL,NULL,NULL);
INSERT INTO "FunctionPrivileges" VALUES ('17746586-B4CC-4129-91BD-F11268DFE5F3','001','D62DF931-161B-45EA-9D2C-73BFB08605AE',1,NULL,NULL,NULL,NULL,NULL);
INSERT INTO "FunctionPrivileges" VALUES ('3026E7AC-7FE4-470F-A5F5-E743E2818E34','001','E8A759B8-69B6-46AF-9461-D7B663C6C337',1,NULL,NULL,NULL,NULL,NULL);
INSERT INTO "FunctionPrivileges" VALUES ('33D58F6E-795C-4384-BEBB-FA245477CD87','001','9D862026-ABFF-43CB-9AA5-CB13C680C26E',1,NULL,NULL,NULL,NULL,NULL);
INSERT INTO "FunctionPrivileges" VALUES ('53EAC078-8AB7-46DB-BDE5-9C7AE52028A0','001','97ED144B-0007-4076-9979-F8059E4D1DC3',1,NULL,NULL,NULL,NULL,NULL);
INSERT INTO "FunctionPrivileges" VALUES ('876D5446-90BB-4CF3-96AC-9B64A536CFE0','001','0746811F-3F29-41AF-9022-EF76818C14C1',1,NULL,NULL,NULL,NULL,NULL);
INSERT INTO "FunctionPrivileges" VALUES ('95A90AF7-46DA-4335-8235-7D6685BA5273','001','8D5B3A99-3E82-41FE-81A0-4263272063C9',1,NULL,NULL,NULL,NULL,NULL);
INSERT INTO "FunctionPrivileges" VALUES ('B87EB5FD-5A66-4300-B147-456C941D65BA','001','E784F29F-B39F-4C24-B775-BAEDA6CE9FFD',1,NULL,NULL,NULL,NULL,NULL);
INSERT INTO "FunctionPrivileges" VALUES ('CE4DF44F-1D17-49A6-A212-A19E1A1C1E36','001','1995652E-BFA9-4C6B-B2CB-56E4951CBC16',1,NULL,NULL,NULL,NULL,NULL);
INSERT INTO "FunctionPrivileges" VALUES ('D250A16B-1DEE-423C-B5EC-614542970BE5','001','DB8A31E2-B1E1-4033-9A4B-2A571AD17353',1,NULL,NULL,NULL,NULL,NULL);
INSERT INTO "FunctionPrivileges" VALUES ('E3D72B6F-AB0E-40AE-A42D-0EC6E860381E','001','95D95639-25CE-442E-99F6-3CAF9CEBC0D1',1,NULL,NULL,NULL,NULL,NULL);
INSERT INTO "FunctionPrivileges" VALUES ('EC1BEB35-BA49-4433-927C-B6B9472C40F4','001','4751EE4C-38FB-43A0-94FB-63DE5A46EC56',1,NULL,NULL,NULL,NULL,NULL);
INSERT INTO "FunctionPrivileges" VALUES ('FDE54E6A-2E39-4B23-B044-FB3B3CC0D621','001','3704C311-473D-4155-85D7-C024E8632853',1,NULL,NULL,NULL,NULL,NULL);
INSERT INTO "FunctionPrivileges" VALUES ('FF085997-26A2-47F7-B953-A967C26476D2','001','D5DDAFDC-300C-4B37-9938-2C8B179CEA4B',1,NULL,NULL,NULL,NULL,NULL);
INSERT INTO "FunctionPrivileges" VALUES ('FFF219CF-1DBB-4A7F-913A-848FF298D559','001','B184D491-2F43-4B39-A73C-97C913A5ED9E',1,NULL,NULL,NULL,NULL,NULL);
INSERT INTO "FunctionPrivileges" VALUES ('13D178DA-1A06-40BF-A889-75E3ACD08487','001','165F4F51-3805-4728-BEAB-15DB8CC962E1',1,NULL,NULL,NULL,NULL,NULL);
INSERT INTO "FunctionPrivileges" VALUES ('1D97DC96-6040-4E5F-82AF-B523733B9689','001','ACB08507-C6D7-4B06-BB97-B345726564F0',1,NULL,NULL,NULL,NULL,NULL);
INSERT INTO "FunctionPrivileges" VALUES ('62359681-4DB6-47D0-BF53-BFEC4D82329F','001','762A5873-356D-45DC-AB60-3CA9EA578A2B',1,NULL,NULL,NULL,NULL,NULL);
INSERT INTO "FunctionPrivileges" VALUES ('9C806A45-0014-4D41-8A27-5DA30B3B84C5','001','03EFDB08-A71C-4F57-AC55-3BD822FA4794',1,NULL,NULL,NULL,NULL,NULL);
INSERT INTO "FunctionPrivileges" VALUES ('AC9D2A08-C7A6-4D1C-81C2-C80FE85ED700','001','18F381CB-99E9-4FA0-B68C-21986DBC7F94',1,NULL,NULL,NULL,NULL,NULL);
INSERT INTO "FunctionPrivileges" VALUES ('B00C65D0-8182-4525-BB69-B04CCEFF9DA2','001','3AAD62C4-E570-46F2-BC73-775667E1BB44',1,NULL,NULL,NULL,NULL,NULL);
INSERT INTO "FunctionPrivileges" VALUES ('B3E67DC8-1D99-4765-878F-ED70347F979B','001','09D56A6F-6ECF-4D9F-9199-7DB88F007B6D',1,NULL,NULL,NULL,NULL,NULL);
INSERT INTO "FunctionPrivileges" VALUES ('CB5219C8-7BFD-4CBE-BF6B-422379269FF2','001','8BA154B4-264D-4E20-91A2-A48D18383732',1,NULL,NULL,NULL,NULL,NULL);
INSERT INTO "FunctionPrivileges" VALUES ('F2F37717-31CA-4EDC-ADDD-8C622EFA0046','001','909D6952-1C3F-482D-BEBF-C3E69805E011',1,NULL,NULL,NULL,NULL,NULL);
INSERT INTO "FunctionPrivileges" VALUES ('F8D2F353-C1B4-4077-A5B9-2BB4024B4B66','001','B574F8A2-5BE1-4B5B-AC6F-D4B6BFC6FEBB',1,NULL,NULL,NULL,NULL,NULL);
INSERT INTO "FunctionPrivileges" VALUES ('103B03FD-8E69-4AB1-98CB-97480A469C79','001','76D82E2F-15FB-497B-B6D0-DD28C580904E',1,NULL,NULL,NULL,NULL,NULL);
INSERT INTO "FunctionPrivileges" VALUES ('1E719AFA-D8F1-4675-BB55-4CB6B9F1A1F1','001','7429AA26-B51C-41CC-BB53-E2581DB52BA8',1,NULL,NULL,NULL,NULL,NULL);
INSERT INTO "FunctionPrivileges" VALUES ('24965C35-44F0-4A55-BA09-18D43AE5F371','001','F6937893-2F57-457D-A6EE-B1702A925BEA',1,NULL,NULL,NULL,NULL,NULL);
INSERT INTO "FunctionPrivileges" VALUES ('3A273EE8-A27B-4790-8258-0ADA86B9F040','001','40E5460C-D743-4E3D-A8BF-E9664F793B77',1,NULL,NULL,NULL,NULL,NULL);
INSERT INTO "FunctionPrivileges" VALUES ('3D292C42-F30B-4C98-AF8E-90110602117A','001','6C61E889-2643-49FA-83D5-53725A24B8BE',1,NULL,NULL,NULL,NULL,NULL);
INSERT INTO "FunctionPrivileges" VALUES ('3E3E0BC3-3440-46F9-8718-E78B6DB0C01E','001','7494A32E-66D4-4270-9C17-FC11243DA930',1,NULL,NULL,NULL,NULL,NULL);
INSERT INTO "FunctionPrivileges" VALUES ('6199EE76-C0E5-4166-B3F9-2080446041FF','001','52CDF668-925F-4013-8E16-3BB3E2EA1309',1,NULL,NULL,NULL,NULL,NULL);
INSERT INTO "FunctionPrivileges" VALUES ('684BB7C6-5FD8-498F-8D56-C1FB8EDC6C1C','001','C327A7A4-21FA-42D1-82B7-042022389F48',1,NULL,NULL,NULL,NULL,NULL);
INSERT INTO "FunctionPrivileges" VALUES ('76A71361-9BA3-4E90-B4D9-9931D7660FFC','001','44712D41-BDBD-4A33-BB37-F63C5F090513',1,NULL,NULL,NULL,NULL,NULL);
INSERT INTO "FunctionPrivileges" VALUES ('A085AFAA-6CC7-4453-9011-9F937276810E','001','36F09B2E-5D50-4472-B174-48C9B53B0EDB',1,NULL,NULL,NULL,NULL,NULL);
INSERT INTO "FunctionPrivileges" VALUES ('C01A9271-BD46-45AE-A00C-A994A70EC25F','001','99F0E5DC-F30E-41C7-9F51-FE953275D34B',1,NULL,NULL,NULL,NULL,NULL);
INSERT INTO "FunctionPrivileges" VALUES ('D2E2AE07-1CF3-491A-8935-76F8B4ADDF63','001','579DDB97-499B-4424-8134-6ADB1D04D9F6',1,NULL,NULL,NULL,NULL,NULL);
INSERT INTO "FunctionPrivileges" VALUES ('1634CC27-356C-483D-AC84-536FDFB39CB8','001','7FD58EE1-1C73-401F-8B2B-B16BF06620AD',1,NULL,NULL,NULL,NULL,NULL);
INSERT INTO "FunctionPrivileges" VALUES ('42DF4D17-FD7F-477D-9951-A81C91D1CF9D','001','82846C88-D224-4A47-B19D-638105BBDD35',1,NULL,NULL,NULL,NULL,NULL);
INSERT INTO "FunctionPrivileges" VALUES ('44261BC7-3CD8-47D2-9007-AF8CBEAF3638','001','CDEE68E0-750B-4BFF-8814-2D12BF101489',1,NULL,NULL,NULL,NULL,NULL);
INSERT INTO "FunctionPrivileges" VALUES ('779A36AE-4691-443C-B5BB-8BFC377BA6F5','001','8A7F3DDC-CB25-4AA5-8344-FBDA5E64D481',1,NULL,NULL,NULL,NULL,NULL);
INSERT INTO "FunctionPrivileges" VALUES ('9A65933F-9F00-40D9-A421-1F512CCC5E97','001','2B9EAE88-877B-4864-BC5D-2CA7B54DC0AF',1,NULL,NULL,NULL,NULL,NULL);
INSERT INTO "FunctionPrivileges" VALUES ('AB80C5C7-894E-4BD7-868D-3F5C804589E0','001','E67A1E00-3A63-4C18-A7EE-1CC92C4F4784',1,NULL,NULL,NULL,NULL,NULL);
INSERT INTO "FunctionPrivileges" VALUES ('B04596BC-83EF-41C6-A22A-A830CF2B6FEC','001','1D413F70-4D9E-4DE0-B36D-2F26AE39BFDF',1,NULL,NULL,NULL,NULL,NULL);
INSERT INTO "FunctionPrivileges" VALUES ('BD62C570-5A84-4C52-9330-BDA7369B2DFC','001','004C0706-08AB-4454-AF7C-50A8A2C724AD',1,NULL,NULL,NULL,NULL,NULL);
INSERT INTO "FunctionPrivileges" VALUES ('CEBB2F7B-B245-4546-92E5-C73588D78B8A','001','5C6EECCF-3A04-4257-9D10-46A75DAFD96B',1,NULL,NULL,NULL,NULL,NULL);
INSERT INTO "FunctionPrivileges" VALUES ('D0ADB0A6-AFD3-483B-8164-3A0E90981134','001','9FC537AF-CA92-4331-A4BA-0F1E8BC4CDA8',1,NULL,NULL,NULL,NULL,NULL);
INSERT INTO "FunctionPrivileges" VALUES ('15B22B03-51BC-4492-BBC6-783A3F4501E8','001','213033DE-5189-4FBE-9400-8B3DDA026072',1,NULL,NULL,NULL,NULL,NULL);
INSERT INTO "FunctionPrivileges" VALUES ('1878F56F-B152-49B9-9436-3FA03DC7307C','001','A8725834-3405-4B34-9558-FDE05EA7F0C5',1,NULL,NULL,NULL,NULL,NULL);
INSERT INTO "FunctionPrivileges" VALUES ('1E593ED4-0043-446D-B8AB-0903FBEDC1DC','001','206AAFAA-1A92-44C4-9CBB-9794E6EED21E',1,NULL,NULL,NULL,NULL,NULL);
INSERT INTO "FunctionPrivileges" VALUES ('2AC3DFBB-53A1-4169-8887-49C07AAB1179','001','EF0321AC-EC6A-452D-A95C-C3BBD6C417C4',1,NULL,NULL,NULL,NULL,NULL);
INSERT INTO "FunctionPrivileges" VALUES ('35F237D8-D1E6-4D81-8D01-F9271C8F2079','001','14BFECB1-94FF-4FBC-85D2-7D19CD90E7A3',1,NULL,NULL,NULL,NULL,NULL);
INSERT INTO "FunctionPrivileges" VALUES ('3BC7D2D4-158A-4215-80B5-70257A74D737','001','38F1B02F-0B55-4836-AE40-91BF1B3C210B',1,NULL,NULL,NULL,NULL,NULL);
INSERT INTO "FunctionPrivileges" VALUES ('4F1E2A6F-F855-486E-BFBC-ABE250226D5A','001','ACCB8EF9-E64E-44EE-9668-984BB79D24AF',1,NULL,NULL,NULL,NULL,NULL);
INSERT INTO "FunctionPrivileges" VALUES ('7904AD42-9518-47B0-9EE4-9ABFAF28C088','001','B5E16B0F-07FE-4A30-A3DD-72A44951816D',1,NULL,NULL,NULL,NULL,NULL);
INSERT INTO "FunctionPrivileges" VALUES ('7DD3799E-52BE-4B78-AF3B-E2AE1C8D0B91','001','CBCBD07F-7F38-4F1B-9565-3C0AD2BF0CB7',1,NULL,NULL,NULL,NULL,NULL);
INSERT INTO "FunctionPrivileges" VALUES ('9EBF825F-D4E9-4D8E-9D3B-D51AAD85FB37','001','5C5B916D-AD85-4280-A97E-CECAB26C9CA5',1,NULL,NULL,NULL,NULL,NULL);
INSERT INTO "FunctionPrivileges" VALUES ('1AE12649-87AD-4D02-889D-A6712ABDBE01','001','7C42411C-2D3A-453B-821D-BDAFF0AEE9B8',1,NULL,NULL,NULL,NULL,NULL);
INSERT INTO "FunctionPrivileges" VALUES ('1D1CC2BE-249B-4C12-A36E-D5D63237CEDC','001','5AC226AC-0505-49E6-9769-7749BF93A1E0',1,NULL,NULL,NULL,NULL,NULL);
INSERT INTO "FunctionPrivileges" VALUES ('3E11E0BE-4A0E-4AED-8CF7-175D17F0524D','001','3FC4CC3E-26D4-4C2A-AFCF-1631C8F28F4E',1,NULL,NULL,NULL,NULL,NULL);
INSERT INTO "FunctionPrivileges" VALUES ('3F5912D7-F776-43A2-ACAD-02FFFDE553F7','001','8039A2F5-FB61-4708-8103-969975C713B2',1,NULL,NULL,NULL,NULL,NULL);
INSERT INTO "FunctionPrivileges" VALUES ('52FAB860-BF2A-4A9B-A00A-AD69742015C4','001','5EC92B43-7324-4ED9-A986-AE53BB24B8E9',1,NULL,NULL,NULL,NULL,NULL);
INSERT INTO "FunctionPrivileges" VALUES ('68EEDDA8-53E1-4CB2-A5D0-A283E5F0F3F0','001','00BBF4E3-3AD0-403F-B89A-55B0D6CCD3BF',1,NULL,NULL,NULL,NULL,NULL);
INSERT INTO "FunctionPrivileges" VALUES ('7A4B18BC-36E0-46B7-9B90-198F4E428BD0','001','F5ADE813-6A79-4826-B74F-D3ECA5D68033',1,NULL,NULL,NULL,NULL,NULL);
INSERT INTO "FunctionPrivileges" VALUES ('9175DF03-5BF6-4E65-AC34-8D5224DC4403','001','D6B51C96-0245-4628-89FE-8F1E8DE7E370',1,NULL,NULL,NULL,NULL,NULL);
INSERT INTO "FunctionPrivileges" VALUES ('CBE27B25-679D-475A-9F18-12A540DE7169','001','813D9B7D-49DB-42A7-8663-28D9A179CE09',1,NULL,NULL,NULL,NULL,NULL);
INSERT INTO "FunctionPrivileges" VALUES ('E88A805F-C7E1-473B-8FE0-A49B9406D78A','001','F860C4EB-62F4-45F0-9380-297D898B8F6A',1,NULL,NULL,NULL,NULL,NULL);
INSERT INTO "FunctionPrivileges" VALUES ('372398D1-34A5-46E6-AD6A-9B3D04997CB0','001','2C667405-B8E5-46CF-9A3A-D397E665996B',1,NULL,NULL,NULL,NULL,NULL);
INSERT INTO "FunctionPrivileges" VALUES ('3E494E21-BAEC-46E4-BE8C-67F5BF996C91','001','96F244C5-6C69-4D4D-8DB0-01A6CCEB0FDC',1,NULL,NULL,NULL,NULL,NULL);
INSERT INTO "FunctionPrivileges" VALUES ('59527C20-2A16-41F8-A468-7E6D1D3ADBB8','001','2FA10260-4833-41B7-8B48-3CE974785D44',1,NULL,NULL,NULL,NULL,NULL);
INSERT INTO "FunctionPrivileges" VALUES ('B3BBDA39-DBB3-4F1B-9A47-EA3EC7415353','001','FD4DE883-9519-4733-B93D-D2D98F020D6B',1,NULL,NULL,NULL,NULL,NULL);
INSERT INTO "FunctionPrivileges" VALUES ('B431BA79-4271-4417-A6C2-6A62E8E47071','001','DA75ABF0-90D1-45B7-B08B-F5396F32E0B0',1,NULL,NULL,NULL,NULL,NULL);
INSERT INTO "FunctionPrivileges" VALUES ('B574CE97-0FA7-4AF7-A7CB-44621A8B9F18','001','AD711C5D-55B1-4550-8E48-82EB56C0CE94',1,NULL,NULL,NULL,NULL,NULL);
INSERT INTO "FunctionPrivileges" VALUES ('BBEFA644-010D-47E9-8756-8460ACB8A939','001','BC1D2DD5-4349-4CF3-97C4-DE464B4E6940',1,NULL,NULL,NULL,NULL,NULL);
INSERT INTO "FunctionPrivileges" VALUES ('C01AF07B-4415-404E-B555-43AF896AABB2','001','17C40A47-3060-4882-95F2-15D68CB5D481',1,NULL,NULL,NULL,NULL,NULL);
INSERT INTO "FunctionPrivileges" VALUES ('C1602824-A80C-4F67-BCBA-B56170AA8750','001','8709ADDF-2DED-4D88-9C9D-44C3CCE81734',1,NULL,NULL,NULL,NULL,NULL);
INSERT INTO "FunctionPrivileges" VALUES ('D8E6D92C-C310-431E-9CBA-74B76F35E113','001','5701EFE7-D0D7-454D-A335-337920020FC9',1,NULL,NULL,NULL,NULL,NULL);
INSERT INTO "FunctionPrivileges" VALUES ('D8F66270-2A5F-425B-BBE8-3E18C6460C8B','001','4D30655D-79DE-417A-ABF1-C6D0382A829B',1,NULL,NULL,NULL,NULL,NULL);
INSERT INTO "FunctionPrivileges" VALUES ('40707FBC-5006-4325-BC7A-1FEFC479064C','001','670D1A5F-4139-483E-8DA8-2782F3FD910B',1,NULL,NULL,NULL,NULL,NULL);
INSERT INTO "FunctionPrivileges" VALUES ('BBFE3AA9-551D-4778-85CB-77FFEDB3AB10','001','81F5E152-EAA1-4F13-81D2-EAF202C3B157',1,NULL,NULL,NULL,NULL,NULL);
INSERT INTO "FunctionPrivileges" VALUES ('074A84A5-D037-44AB-BFE1-A02EC2680118','003','EF0321AC-EC6A-452D-A95C-C3BBD6C417C4',1,NULL,NULL,NULL,NULL,NULL);
INSERT INTO "FunctionPrivileges" VALUES ('0B714D93-F311-4369-AA17-3A1D44E793CB','003','99F0E5DC-F30E-41C7-9F51-FE953275D34B',1,NULL,NULL,NULL,NULL,NULL);
INSERT INTO "FunctionPrivileges" VALUES ('0DB7BDA7-E8DB-4CE0-8EBF-BAA4BBBB3D60','003','6E7F5E8B-2159-4669-8D03-6A70B8D48A25',1,NULL,NULL,NULL,NULL,NULL);
INSERT INTO "FunctionPrivileges" VALUES ('1C124A75-495B-485A-AC5A-E1E2BA6DE5C0','003','CBCBD07F-7F38-4F1B-9565-3C0AD2BF0CB7',1,NULL,NULL,NULL,NULL,NULL);
INSERT INTO "FunctionPrivileges" VALUES ('2CF81B87-0DD2-42DD-8A81-587A0AD79E31','003','D62DF931-161B-45EA-9D2C-73BFB08605AE',1,NULL,NULL,NULL,NULL,NULL);
INSERT INTO "FunctionPrivileges" VALUES ('38F7A431-D0AD-4FF9-AD52-529513850C0B','003','1D413F70-4D9E-4DE0-B36D-2F26AE39BFDF',1,NULL,NULL,NULL,NULL,NULL);
INSERT INTO "FunctionPrivileges" VALUES ('3EC484A6-FB98-4995-B3D8-E2CCD56CD117','003','6FB3737A-0C6F-4D8F-BAE6-CD1BE3F22163',1,NULL,NULL,NULL,NULL,NULL);
INSERT INTO "FunctionPrivileges" VALUES ('43750B5E-AFEA-4544-B71E-034850CD273B','003','D7BF133E-53C7-43D6-91BC-A75BA8931764',1,NULL,NULL,NULL,NULL,NULL);
INSERT INTO "FunctionPrivileges" VALUES ('478BCC11-6A77-4FB6-B033-DBBFFCCE4FED','003','D69BD89F-D9D0-413C-B0C0-2A7DA235AF47',1,NULL,NULL,NULL,NULL,NULL);
INSERT INTO "FunctionPrivileges" VALUES ('54471D7A-C356-4B50-BEA9-46F1716F8D7E','003','2B9EAE88-877B-4864-BC5D-2CA7B54DC0AF',1,NULL,NULL,NULL,NULL,NULL);
INSERT INTO "FunctionPrivileges" VALUES ('5BC7C0ED-0217-4BE1-8039-3CDD06AEEB69','003','B5E16B0F-07FE-4A30-A3DD-72A44951816D',1,NULL,NULL,NULL,NULL,NULL);
INSERT INTO "FunctionPrivileges" VALUES ('5E099F2C-6925-4E86-9B02-DE57438C50AA','003','76D82E2F-15FB-497B-B6D0-DD28C580904E',1,NULL,NULL,NULL,NULL,NULL);
INSERT INTO "FunctionPrivileges" VALUES ('5EDA088C-E0E9-4F07-B278-7CD4FCB8896F','003','7429AA26-B51C-41CC-BB53-E2581DB52BA8',1,NULL,NULL,NULL,NULL,NULL);
INSERT INTO "FunctionPrivileges" VALUES ('62A7C970-8A8A-423F-8C2E-28D1617CF9FA','003','18F381CB-99E9-4FA0-B68C-21986DBC7F94',1,NULL,NULL,NULL,NULL,NULL);
INSERT INTO "FunctionPrivileges" VALUES ('68276A60-6FF8-4D48-84CB-863286F6D391','003','40E5460C-D743-4E3D-A8BF-E9664F793B77',1,NULL,NULL,NULL,NULL,NULL);
INSERT INTO "FunctionPrivileges" VALUES ('705573B1-B617-4D70-891F-236AAA496034','003','F6937893-2F57-457D-A6EE-B1702A925BEA',1,NULL,NULL,NULL,NULL,NULL);
INSERT INTO "FunctionPrivileges" VALUES ('70799451-C950-476A-AD3E-6C326C8A8860','003','E2E01E76-B0B2-4632-92E6-4A68254440EC',1,NULL,NULL,NULL,NULL,NULL);
INSERT INTO "FunctionPrivileges" VALUES ('71166D8D-3193-4923-A035-2D38CE42F028','003','4DB083C5-C3EB-4234-98FB-25E4A8C80D9F',1,NULL,NULL,NULL,NULL,NULL);
INSERT INTO "FunctionPrivileges" VALUES ('7A14C5D8-5A4D-45C3-BD41-F7BEF7320CD5','003','81C352F1-F351-41F3-9C92-7C07270954FA',1,NULL,NULL,NULL,NULL,NULL);
INSERT INTO "FunctionPrivileges" VALUES ('7D2A08AB-DAC0-4036-95A2-2F8979A58F3B','003','206AAFAA-1A92-44C4-9CBB-9794E6EED21E',1,NULL,NULL,NULL,NULL,NULL);
INSERT INTO "FunctionPrivileges" VALUES ('7D35CB4F-BD16-497F-AACD-F8E026200D6F','003','E55A670E-AB27-4D05-AA87-B30D8C06A28F',1,NULL,NULL,NULL,NULL,NULL);
INSERT INTO "FunctionPrivileges" VALUES ('8456B91F-58FC-4DCF-A88C-4E5F3435664D','003','D7F86435-93E8-4265-9426-70BF7BDF5FD9',1,NULL,NULL,NULL,NULL,NULL);
INSERT INTO "FunctionPrivileges" VALUES ('87A9D57D-25B8-4ECD-82FD-F9F320663922','003','91B57246-2F13-430F-848D-33BED7022452',1,NULL,NULL,NULL,NULL,NULL);
INSERT INTO "FunctionPrivileges" VALUES ('8C5A2279-53E2-4D47-A016-CBC55C68584B','003','1995652E-BFA9-4C6B-B2CB-56E4951CBC16',1,NULL,NULL,NULL,NULL,NULL);
INSERT INTO "FunctionPrivileges" VALUES ('9278A383-750C-47E8-9634-320AC940C9C9','003','406F12FF-89BE-4350-826B-E2588D7C740A',1,NULL,NULL,NULL,NULL,NULL);
INSERT INTO "FunctionPrivileges" VALUES ('9789E174-D4C5-412E-90DC-E29528575E70','003','09D56A6F-6ECF-4D9F-9199-7DB88F007B6D',1,NULL,NULL,NULL,NULL,NULL);
INSERT INTO "FunctionPrivileges" VALUES ('9F4D1E7D-638B-4422-A8B6-0277A9FD3B43','003','9FC537AF-CA92-4331-A4BA-0F1E8BC4CDA8',1,NULL,NULL,NULL,NULL,NULL);
INSERT INTO "FunctionPrivileges" VALUES ('A9795352-BCF0-4D6E-9025-5440DBE25971','003','3704C311-473D-4155-85D7-C024E8632853',1,NULL,NULL,NULL,NULL,NULL);
INSERT INTO "FunctionPrivileges" VALUES ('AB1FD0C7-D5D0-4890-9EB4-DCA3D62B49ED','003','44712D41-BDBD-4A33-BB37-F63C5F090513',1,NULL,NULL,NULL,NULL,NULL);
INSERT INTO "FunctionPrivileges" VALUES ('AB93355C-144F-43F0-A987-936596A50A0F','003','8A7F3DDC-CB25-4AA5-8344-FBDA5E64D481',1,NULL,NULL,NULL,NULL,NULL);
INSERT INTO "FunctionPrivileges" VALUES ('B05DFDFC-C5DD-47F5-8B64-717A69EEFDF1','003','ACB08507-C6D7-4B06-BB97-B345726564F0',1,NULL,NULL,NULL,NULL,NULL);
INSERT INTO "FunctionPrivileges" VALUES ('B0A8A6FF-14E2-43F3-9816-D2A49F74D5F1','003','5EC92B43-7324-4ED9-A986-AE53BB24B8E9',1,NULL,NULL,NULL,NULL,NULL);
INSERT INTO "FunctionPrivileges" VALUES ('CA536EBC-0E62-491F-8CF3-78CE1C8554C4','003','D6B51C96-0245-4628-89FE-8F1E8DE7E370',1,NULL,NULL,NULL,NULL,NULL);
INSERT INTO "FunctionPrivileges" VALUES ('CD57B8F2-2E4A-4645-8BB3-60EC8E979EE6','003','17D561DA-6C36-4F6F-B0C6-B8801FE4083A',1,NULL,NULL,NULL,NULL,NULL);
INSERT INTO "FunctionPrivileges" VALUES ('D26FB912-7933-4792-A025-967CAC0FFCDB','003','A8725834-3405-4B34-9558-FDE05EA7F0C5',1,NULL,NULL,NULL,NULL,NULL);
INSERT INTO "FunctionPrivileges" VALUES ('D6D3A0DE-C71D-41B8-A5B6-A35F972BB680','003','909D6952-1C3F-482D-BEBF-C3E69805E011',1,NULL,NULL,NULL,NULL,NULL);
INSERT INTO "FunctionPrivileges" VALUES ('D99B1A33-0879-4A94-9FA8-5CEEC41362FB','003','7494A32E-66D4-4270-9C17-FC11243DA930',1,NULL,NULL,NULL,NULL,NULL);
INSERT INTO "FunctionPrivileges" VALUES ('E0E40ED5-1E4D-413E-8D2F-5E3DF8E3CD25','003','5AC226AC-0505-49E6-9769-7749BF93A1E0',1,NULL,NULL,NULL,NULL,NULL);
INSERT INTO "FunctionPrivileges" VALUES ('E8D6125E-C185-4E7B-823E-3FBBD63BE5B4','003','0746811F-3F29-41AF-9022-EF76818C14C1',1,NULL,NULL,NULL,NULL,NULL);
INSERT INTO "FunctionPrivileges" VALUES ('E90D73B1-F8D6-4A89-B853-3E02458E7C73','003','ACCB8EF9-E64E-44EE-9668-984BB79D24AF',1,NULL,NULL,NULL,NULL,NULL);
INSERT INTO "FunctionPrivileges" VALUES ('EC70A6CE-C1C9-4ED2-951C-E5927ED6FB62','003','3FC4CC3E-26D4-4C2A-AFCF-1631C8F28F4E',1,NULL,NULL,NULL,NULL,NULL);
INSERT INTO "FunctionPrivileges" VALUES ('FA849467-1D21-4430-BBBE-6481217F0059','003','36F09B2E-5D50-4472-B174-48C9B53B0EDB',1,NULL,NULL,NULL,NULL,NULL);
INSERT INTO "FunctionPrivileges" VALUES ('FB52E529-1AB0-4830-BEEC-B8180E9D25CD','003','38F1B02F-0B55-4836-AE40-91BF1B3C210B',1,NULL,NULL,NULL,NULL,NULL);
INSERT INTO "FunctionPrivileges" VALUES ('FC706F0A-5133-403A-91B1-3E3232AEC66D','003','C118661B-CDC5-47E4-98F2-17DDF7A1D416',1,NULL,NULL,NULL,NULL,NULL);
INSERT INTO "FunctionPrivileges" VALUES ('FD0399B0-130F-4B85-95C3-5ECDCF41C067','003','BB06759A-A805-467E-AD49-E78C5C9B9BFF',1,NULL,NULL,NULL,NULL,NULL);
INSERT INTO "FunctionPrivileges" VALUES ('FFB0FFA1-7179-4EE6-8293-C666FD34BDA5','003','B184D491-2F43-4B39-A73C-97C913A5ED9E',1,NULL,NULL,NULL,NULL,NULL);
INSERT INTO "FunctionPrivileges" VALUES ('03216B50-92F2-4464-9BDC-0D0707A5B383','002','14BFECB1-94FF-4FBC-85D2-7D19CD90E7A3',1,NULL,NULL,NULL,NULL,NULL);
INSERT INTO "FunctionPrivileges" VALUES ('033D0482-AF89-45C9-A622-3BB9A12DE2A5','002','2B9EAE88-877B-4864-BC5D-2CA7B54DC0AF',1,NULL,NULL,NULL,NULL,NULL);
INSERT INTO "FunctionPrivileges" VALUES ('056DE6E0-B71E-4E83-A983-900A026BDD7F','002','00BBF4E3-3AD0-403F-B89A-55B0D6CCD3BF',1,NULL,NULL,NULL,NULL,NULL);
INSERT INTO "FunctionPrivileges" VALUES ('05BD1B09-0B54-43AB-845C-53409B164423','002','5EC92B43-7324-4ED9-A986-AE53BB24B8E9',1,NULL,NULL,NULL,NULL,NULL);
INSERT INTO "FunctionPrivileges" VALUES ('05D69BC0-28C1-438A-ABDE-27D480232E75','002','B5E16B0F-07FE-4A30-A3DD-72A44951816D',1,NULL,NULL,NULL,NULL,NULL);
INSERT INTO "FunctionPrivileges" VALUES ('063A27C2-97ED-48AC-9D94-822554E3890D','002','B184D491-2F43-4B39-A73C-97C913A5ED9E',1,NULL,NULL,NULL,NULL,NULL);
INSERT INTO "FunctionPrivileges" VALUES ('06B03D3E-708A-4A2A-B16B-0FEC5E7B8794','002','CDEE68E0-750B-4BFF-8814-2D12BF101489',1,NULL,NULL,NULL,NULL,NULL);
INSERT INTO "FunctionPrivileges" VALUES ('0767505F-B3B1-4369-91DC-0DF6710658DA','002','7C42411C-2D3A-453B-821D-BDAFF0AEE9B8',1,NULL,NULL,NULL,NULL,NULL);
INSERT INTO "FunctionPrivileges" VALUES ('07D6CE90-3581-4EBD-AA28-A2182F86806E','002','5C6EECCF-3A04-4257-9D10-46A75DAFD96B',1,NULL,NULL,NULL,NULL,NULL);
INSERT INTO "FunctionPrivileges" VALUES ('08EBBDAE-9223-4C36-905F-CF7A817F1344','002','6FB3737A-0C6F-4D8F-BAE6-CD1BE3F22163',1,NULL,NULL,NULL,NULL,NULL);
INSERT INTO "FunctionPrivileges" VALUES ('09444912-7C3B-4480-95EE-25510135D6DC','002','E8A759B8-69B6-46AF-9461-D7B663C6C337',1,NULL,NULL,NULL,NULL,NULL);
INSERT INTO "FunctionPrivileges" VALUES ('09B671FF-E902-4CF1-9F25-6F7D157175AF','002','AB4D2F06-7FA1-4E17-9DCA-AD8C188BBC99',1,NULL,NULL,NULL,NULL,NULL);
INSERT INTO "FunctionPrivileges" VALUES ('0C50ACBD-E49D-4413-A9BE-D883935821BA','002','213033DE-5189-4FBE-9400-8B3DDA026072',1,NULL,NULL,NULL,NULL,NULL);
INSERT INTO "FunctionPrivileges" VALUES ('0CD72B1A-83BE-46FE-BD9F-AEA99D0189B0','002','0EF613D7-BC89-46BD-90D6-E522B935DDF1',1,NULL,NULL,NULL,NULL,NULL);
INSERT INTO "FunctionPrivileges" VALUES ('0DC7C16F-1877-4C62-9C3A-FE3BCC1FDD3B','002','0746811F-3F29-41AF-9022-EF76818C14C1',1,NULL,NULL,NULL,NULL,NULL);
INSERT INTO "FunctionPrivileges" VALUES ('0FFBDF55-69A4-44D4-86E9-4FE1306F6F5F','002','165F4F51-3805-4728-BEAB-15DB8CC962E1',1,NULL,NULL,NULL,NULL,NULL);
INSERT INTO "FunctionPrivileges" VALUES ('184B152F-12EC-4094-874A-CFBDDF1C8D63','002','3AAD62C4-E570-46F2-BC73-775667E1BB44',1,NULL,NULL,NULL,NULL,NULL);
INSERT INTO "FunctionPrivileges" VALUES ('1AC82FC6-86E5-4234-9106-821706878EB2','002','D5DDAFDC-300C-4B37-9938-2C8B179CEA4B',1,NULL,NULL,NULL,NULL,NULL);
INSERT INTO "FunctionPrivileges" VALUES ('1AE41260-5F2E-41C0-8285-50AC2F09EDAA','002','8039A2F5-FB61-4708-8103-969975C713B2',1,NULL,NULL,NULL,NULL,NULL);
INSERT INTO "FunctionPrivileges" VALUES ('201DAAB4-2B55-47B3-90BB-91B235CFADF7','002','DB8A31E2-B1E1-4033-9A4B-2A571AD17353',1,NULL,NULL,NULL,NULL,NULL);
INSERT INTO "FunctionPrivileges" VALUES ('24463381-7F77-4BFE-8859-CE7D4AE06920','002','8D5B3A99-3E82-41FE-81A0-4263272063C9',1,NULL,NULL,NULL,NULL,NULL);
INSERT INTO "FunctionPrivileges" VALUES ('275970D6-DBE8-405D-9E9A-1B29CF3087DC','002','C118661B-CDC5-47E4-98F2-17DDF7A1D416',1,NULL,NULL,NULL,NULL,NULL);
INSERT INTO "FunctionPrivileges" VALUES ('2A486AED-87E7-48FB-9615-96F5B2AA2404','002','9D862026-ABFF-43CB-9AA5-CB13C680C26E',1,NULL,NULL,NULL,NULL,NULL);
INSERT INTO "FunctionPrivileges" VALUES ('2E1E421C-729B-4CD7-84EE-FF9CB4416A7A','002','A8725834-3405-4B34-9558-FDE05EA7F0C5',1,NULL,NULL,NULL,NULL,NULL);
INSERT INTO "FunctionPrivileges" VALUES ('395F7F5C-0501-4BF7-873B-06E8C086B66A','002','38F1B02F-0B55-4836-AE40-91BF1B3C210B',1,NULL,NULL,NULL,NULL,NULL);
INSERT INTO "FunctionPrivileges" VALUES ('3C58B99C-572C-4589-AD12-1EF3B4C0B1C1','002','36F09B2E-5D50-4472-B174-48C9B53B0EDB',1,NULL,NULL,NULL,NULL,NULL);
INSERT INTO "FunctionPrivileges" VALUES ('445625F7-7EE2-428B-B75A-EF4F75134DF7','002','666CCDE8-8753-4515-B7B2-E85ED4692850',1,NULL,NULL,NULL,NULL,NULL);
INSERT INTO "FunctionPrivileges" VALUES ('48B50284-1DCE-44FE-B059-19B21EDE1B2F','002','17D561DA-6C36-4F6F-B0C6-B8801FE4083A',1,NULL,NULL,NULL,NULL,NULL);
INSERT INTO "FunctionPrivileges" VALUES ('4A11C202-0F97-493A-968A-D1BC311D170B','002','44712D41-BDBD-4A33-BB37-F63C5F090513',1,NULL,NULL,NULL,NULL,NULL);
INSERT INTO "FunctionPrivileges" VALUES ('4D002C53-E4F1-4A1A-B056-23AFB2A25B12','002','762A5873-356D-45DC-AB60-3CA9EA578A2B',1,NULL,NULL,NULL,NULL,NULL);
INSERT INTO "FunctionPrivileges" VALUES ('4E2894B5-A250-41DB-9E56-324253D9B6E7','002','F6937893-2F57-457D-A6EE-B1702A925BEA',1,NULL,NULL,NULL,NULL,NULL);
INSERT INTO "FunctionPrivileges" VALUES ('5273C20A-AD28-48A7-8D60-BD12B22DF2C8','002','7494A32E-66D4-4270-9C17-FC11243DA930',1,NULL,NULL,NULL,NULL,NULL);
INSERT INTO "FunctionPrivileges" VALUES ('56F375D3-57F5-449B-A6ED-0202F5411204','002','81C352F1-F351-41F3-9C92-7C07270954FA',1,NULL,NULL,NULL,NULL,NULL);
INSERT INTO "FunctionPrivileges" VALUES ('575EC1A5-9CB4-45AC-9158-6A0370A827A1','002','809F9CAC-A677-4730-8D19-30A92CD04AD0',1,NULL,NULL,NULL,NULL,NULL);
INSERT INTO "FunctionPrivileges" VALUES ('5C556E79-2CE8-4543-91CD-985386D96459','002','76D82E2F-15FB-497B-B6D0-DD28C580904E',1,NULL,NULL,NULL,NULL,NULL);
INSERT INTO "FunctionPrivileges" VALUES ('5CB2B825-F642-4EE1-A7C8-95CC0FF72E15','002','18F381CB-99E9-4FA0-B68C-21986DBC7F94',1,NULL,NULL,NULL,NULL,NULL);
INSERT INTO "FunctionPrivileges" VALUES ('5E6EF070-84C1-49C6-9685-D0A9E8D74F6C','002','004C0706-08AB-4454-AF7C-50A8A2C724AD',1,NULL,NULL,NULL,NULL,NULL);
INSERT INTO "FunctionPrivileges" VALUES ('6036BCAB-1375-4CA9-9F43-9820D60A6267','002','99F0E5DC-F30E-41C7-9F51-FE953275D34B',1,NULL,NULL,NULL,NULL,NULL);
INSERT INTO "FunctionPrivileges" VALUES ('6375617B-52EE-46BB-B44D-9BF9CC7C7E42','002','CBCBD07F-7F38-4F1B-9565-3C0AD2BF0CB7',1,NULL,NULL,NULL,NULL,NULL);
INSERT INTO "FunctionPrivileges" VALUES ('65F34243-355F-4B8F-87CD-705DD6AC3F46','002','95D95639-25CE-442E-99F6-3CAF9CEBC0D1',1,NULL,NULL,NULL,NULL,NULL);
INSERT INTO "FunctionPrivileges" VALUES ('67AD5336-AA54-4E00-82DA-ADE238EC3758','002','8A7F3DDC-CB25-4AA5-8344-FBDA5E64D481',1,NULL,NULL,NULL,NULL,NULL);
INSERT INTO "FunctionPrivileges" VALUES ('69DF0B85-292B-4019-96F8-4A9E4629985C','002','4751EE4C-38FB-43A0-94FB-63DE5A46EC56',1,NULL,NULL,NULL,NULL,NULL);
INSERT INTO "FunctionPrivileges" VALUES ('75E09A78-412E-43EC-9C5D-6A74934D921E','002','D6B51C96-0245-4628-89FE-8F1E8DE7E370',1,NULL,NULL,NULL,NULL,NULL);
INSERT INTO "FunctionPrivileges" VALUES ('781E0BC0-FDDC-44F0-AEA4-3462C67C0C16','002','03EFDB08-A71C-4F57-AC55-3BD822FA4794',1,NULL,NULL,NULL,NULL,NULL);
INSERT INTO "FunctionPrivileges" VALUES ('789942FB-32F1-485F-A4DF-835B10714112','002','3704C311-473D-4155-85D7-C024E8632853',1,NULL,NULL,NULL,NULL,NULL);
INSERT INTO "FunctionPrivileges" VALUES ('78FF7045-839F-48FF-A04E-2AB6187A1768','002','6FF0CEA7-36C7-4A02-9C47-C70F0B014510',1,NULL,NULL,NULL,NULL,NULL);
INSERT INTO "FunctionPrivileges" VALUES ('7A4B7B9A-13DA-4958-9EDF-B50208803338','002','6C61E889-2643-49FA-83D5-53725A24B8BE',1,NULL,NULL,NULL,NULL,NULL);
INSERT INTO "FunctionPrivileges" VALUES ('7B78B76D-5D32-4CB0-A706-5F0F51B22F3E','002','D69BD89F-D9D0-413C-B0C0-2A7DA235AF47',1,NULL,NULL,NULL,NULL,NULL);
INSERT INTO "FunctionPrivileges" VALUES ('7FCE897A-35B7-411B-8D33-063BA6502900','002','4DB083C5-C3EB-4234-98FB-25E4A8C80D9F',1,NULL,NULL,NULL,NULL,NULL);
INSERT INTO "FunctionPrivileges" VALUES ('8B6A9B3C-D42F-4756-9C7F-204CB801958F','002','7429AA26-B51C-41CC-BB53-E2581DB52BA8',1,NULL,NULL,NULL,NULL,NULL);
INSERT INTO "FunctionPrivileges" VALUES ('8BFEC7D0-8BFE-416D-B6CD-786B4C47A26C','002','F5ADE813-6A79-4826-B74F-D3ECA5D68033',1,NULL,NULL,NULL,NULL,NULL);
INSERT INTO "FunctionPrivileges" VALUES ('8E7AFE2E-F86E-4F85-97F7-27AA929A2D15','002','3FC4CC3E-26D4-4C2A-AFCF-1631C8F28F4E',1,NULL,NULL,NULL,NULL,NULL);
INSERT INTO "FunctionPrivileges" VALUES ('96407D49-42A9-4EA2-83A9-F621321CD7E0','002','91B57246-2F13-430F-848D-33BED7022452',1,NULL,NULL,NULL,NULL,NULL);
INSERT INTO "FunctionPrivileges" VALUES ('967133E7-4B86-4870-82BA-5DEE68BA5055','002','6E7F5E8B-2159-4669-8D03-6A70B8D48A25',1,NULL,NULL,NULL,NULL,NULL);
INSERT INTO "FunctionPrivileges" VALUES ('97B6BABF-A1A2-46EB-A8A8-A111EE2D24C7','002','7FD58EE1-1C73-401F-8B2B-B16BF06620AD',1,NULL,NULL,NULL,NULL,NULL);
INSERT INTO "FunctionPrivileges" VALUES ('A0493CF2-276D-4032-9D2E-2F1F2D89C6A6','002','52CDF668-925F-4013-8E16-3BB3E2EA1309',1,NULL,NULL,NULL,NULL,NULL);
INSERT INTO "FunctionPrivileges" VALUES ('A68AE5FF-1FA2-4FC7-8D37-6CEF1DFC7D2F','002','ACB08507-C6D7-4B06-BB97-B345726564F0',1,NULL,NULL,NULL,NULL,NULL);
INSERT INTO "FunctionPrivileges" VALUES ('A72BCC3F-C123-458E-84A3-0D3FB0F4E139','002','C327A7A4-21FA-42D1-82B7-042022389F48',1,NULL,NULL,NULL,NULL,NULL);
INSERT INTO "FunctionPrivileges" VALUES ('AD0E8C27-63C2-41B2-9CF3-1050CDA2A025','002','579DDB97-499B-4424-8134-6ADB1D04D9F6',1,NULL,NULL,NULL,NULL,NULL);
INSERT INTO "FunctionPrivileges" VALUES ('ADF07C87-9111-43CD-B82F-FA27A6C9050E','002','D7BF133E-53C7-43D6-91BC-A75BA8931764',1,NULL,NULL,NULL,NULL,NULL);
INSERT INTO "FunctionPrivileges" VALUES ('B33ADFCD-A2A6-4714-A423-E0FCDCE7CCCF','002','EF0321AC-EC6A-452D-A95C-C3BBD6C417C4',1,NULL,NULL,NULL,NULL,NULL);
INSERT INTO "FunctionPrivileges" VALUES ('B86BC32B-A364-440A-8821-180864289F44','002','E2E01E76-B0B2-4632-92E6-4A68254440EC',1,NULL,NULL,NULL,NULL,NULL);
INSERT INTO "FunctionPrivileges" VALUES ('BE373328-B395-45DF-AA46-8BEED59FD967','002','5C5B916D-AD85-4280-A97E-CECAB26C9CA5',1,NULL,NULL,NULL,NULL,NULL);
INSERT INTO "FunctionPrivileges" VALUES ('C323542B-0818-4DAF-ADF8-56BF11722F65','002','5AC226AC-0505-49E6-9769-7749BF93A1E0',1,NULL,NULL,NULL,NULL,NULL);
INSERT INTO "FunctionPrivileges" VALUES ('C576E842-A949-4F25-8510-A8DFBF760DA0','002','F860C4EB-62F4-45F0-9380-297D898B8F6A',1,NULL,NULL,NULL,NULL,NULL);
INSERT INTO "FunctionPrivileges" VALUES ('C9465FAA-8E2B-41FD-BC35-2931868330EB','002','97ED144B-0007-4076-9979-F8059E4D1DC3',1,NULL,NULL,NULL,NULL,NULL);
INSERT INTO "FunctionPrivileges" VALUES ('C9E7897E-6C10-4DA5-8BAE-EC6106DB69BD','002','813D9B7D-49DB-42A7-8663-28D9A179CE09',1,NULL,NULL,NULL,NULL,NULL);
INSERT INTO "FunctionPrivileges" VALUES ('CD82E647-338A-4D5D-BAEE-90C3FFBBFDA9','002','909D6952-1C3F-482D-BEBF-C3E69805E011',1,NULL,NULL,NULL,NULL,NULL);
INSERT INTO "FunctionPrivileges" VALUES ('CF5D5115-98A7-4B03-B832-A9D13533D159','002','206AAFAA-1A92-44C4-9CBB-9794E6EED21E',1,NULL,NULL,NULL,NULL,NULL);
INSERT INTO "FunctionPrivileges" VALUES ('CFF4899E-B7E2-4882-BCF4-AA5B23E5B223','002','9FC537AF-CA92-4331-A4BA-0F1E8BC4CDA8',1,NULL,NULL,NULL,NULL,NULL);
INSERT INTO "FunctionPrivileges" VALUES ('DAF933B4-C204-4171-9223-63B9A39FFDE6','002','8BA154B4-264D-4E20-91A2-A48D18383732',1,NULL,NULL,NULL,NULL,NULL);
INSERT INTO "FunctionPrivileges" VALUES ('DBA4F1A2-9913-449B-BEE2-4F21AF0C5B8F','002','406F12FF-89BE-4350-826B-E2588D7C740A',1,NULL,NULL,NULL,NULL,NULL);
INSERT INTO "FunctionPrivileges" VALUES ('DFBB93C8-2C75-4171-B8D1-510FCB9A1FEB','002','D7F86435-93E8-4265-9426-70BF7BDF5FD9',1,NULL,NULL,NULL,NULL,NULL);
INSERT INTO "FunctionPrivileges" VALUES ('E1A9C80E-20C1-4013-84DB-1BBD8C93A5BB','002','82846C88-D224-4A47-B19D-638105BBDD35',1,NULL,NULL,NULL,NULL,NULL);
INSERT INTO "FunctionPrivileges" VALUES ('E706FE4A-33A3-4029-86D9-BB141E985466','002','1D413F70-4D9E-4DE0-B36D-2F26AE39BFDF',1,NULL,NULL,NULL,NULL,NULL);
INSERT INTO "FunctionPrivileges" VALUES ('E88135A9-7763-4F21-94FF-EA1A025EF9BE','002','D62DF931-161B-45EA-9D2C-73BFB08605AE',1,NULL,NULL,NULL,NULL,NULL);
INSERT INTO "FunctionPrivileges" VALUES ('EAD8643D-60DA-4687-9B43-550A4255AD77','002','B574F8A2-5BE1-4B5B-AC6F-D4B6BFC6FEBB',1,NULL,NULL,NULL,NULL,NULL);
INSERT INTO "FunctionPrivileges" VALUES ('EBF4BAF9-FEBA-413C-B993-D37EF6CE763C','002','BB06759A-A805-467E-AD49-E78C5C9B9BFF',1,NULL,NULL,NULL,NULL,NULL);
INSERT INTO "FunctionPrivileges" VALUES ('EC6112A5-0662-44C4-B323-83E65E167F1E','002','1995652E-BFA9-4C6B-B2CB-56E4951CBC16',1,NULL,NULL,NULL,NULL,NULL);
INSERT INTO "FunctionPrivileges" VALUES ('F0B2C0F6-052C-4992-A768-EB929CE9AB58','002','ACCB8EF9-E64E-44EE-9668-984BB79D24AF',1,NULL,NULL,NULL,NULL,NULL);
INSERT INTO "FunctionPrivileges" VALUES ('F12B1A34-EA6B-45CA-97F3-33A099BC7281','002','E55A670E-AB27-4D05-AA87-B30D8C06A28F',1,NULL,NULL,NULL,NULL,NULL);
INSERT INTO "FunctionPrivileges" VALUES ('F4C449C1-D7E5-410D-8CA6-F24823CB3EB9','002','40E5460C-D743-4E3D-A8BF-E9664F793B77',1,NULL,NULL,NULL,NULL,NULL);
INSERT INTO "FunctionPrivileges" VALUES ('F56AB302-0F69-4258-96BE-839BFB8C03D7','002','09D56A6F-6ECF-4D9F-9199-7DB88F007B6D',1,NULL,NULL,NULL,NULL,NULL);
INSERT INTO "FunctionPrivileges" VALUES ('FAB1959E-3F15-4AB9-97D7-EB5F13503721','002','E784F29F-B39F-4C24-B775-BAEDA6CE9FFD',1,NULL,NULL,NULL,NULL,NULL);
INSERT INTO "FunctionPrivileges" VALUES ('FDFA3B4F-E121-462B-A43F-E67AEF15D290','002','E67A1E00-3A63-4C18-A7EE-1CC92C4F4784',1,NULL,NULL,NULL,NULL,NULL);
INSERT INTO "FunctionPrivileges" VALUES ('FE02B473-41CD-4E16-BA65-1C811C5E43B0','002','C4594508-B706-43B2-8649-D0CF88E1C822',1,NULL,NULL,NULL,NULL,NULL);
INSERT INTO "RpcLogs" VALUES ('10E76D37-A1BC-4F25-BFA3-08714F7266E2','未能找到支持写入的变量:setTemperature,','59FA75BB-F044-4CB0-962E-A52D09935827','2024-06-01 00:07:44.4489692',0,'write','{"setTemperature":"26"}',1,'2024-06-01 00:07:26.2328724');
INSERT INTO "RpcLogs" VALUES ('3D7F7665-D6B8-430F-A635-4959A8A6F43A',NULL,'59FA75BB-F044-4CB0-962E-A52D09935827','2024-06-01 00:08:05.0989449',1,'write','{"setTemperature":"26"}',1,'2024-06-01 00:08:05.0842534');
INSERT INTO "SystemConfig" VALUES ('BF014E65-6A03-471B-807B-294B3AFB2773','1042cef2e18e4a539ff0d97a4e19eb4a','admin','2021-12-11 16:19:30.5914785','HWTGateway',1,'127.0.0.1',1886,'8d9ed469994446ccaa478f85ff0bba01','','admin','2026-04-03 21:08:33.5249978');
INSERT INTO "__EFMigrationsHistory" VALUES ('20250404155722_Init','8.0.3');
INSERT INTO "__EFMigrationsHistory" VALUES ('20250404160000_CommentAndIndex','8.0.3');
CREATE INDEX IF NOT EXISTS "IX_DeviceConfigs_DeviceConfigName" ON "DeviceConfigs" (
	"DeviceConfigName"	ASC
);
CREATE INDEX IF NOT EXISTS "IX_DeviceConfigs_DeviceId" ON "DeviceConfigs" (
	"DeviceId"	ASC
);
CREATE INDEX IF NOT EXISTS "IX_DeviceConfigs_Value" ON "DeviceConfigs" (
	"Value"	ASC
);
CREATE INDEX IF NOT EXISTS "IX_DeviceVariables_DataType" ON "DeviceVariables" (
	"DataType"	ASC
);
CREATE INDEX IF NOT EXISTS "IX_DeviceVariables_DeviceAddress" ON "DeviceVariables" (
	"DeviceAddress"	ASC
);
CREATE INDEX IF NOT EXISTS "IX_DeviceVariables_DeviceId" ON "DeviceVariables" (
	"DeviceId"	ASC
);
CREATE INDEX IF NOT EXISTS "IX_DeviceVariables_Method" ON "DeviceVariables" (
	"Method"	ASC
);
CREATE INDEX IF NOT EXISTS "IX_DeviceVariables_Name" ON "DeviceVariables" (
	"Name"	ASC
);
CREATE INDEX IF NOT EXISTS "IX_Devices_AutoStart" ON "Devices" (
	"AutoStart"	ASC
);
CREATE INDEX IF NOT EXISTS "IX_Devices_DeviceName" ON "Devices" (
	"DeviceName"	ASC
);
CREATE INDEX IF NOT EXISTS "IX_Devices_DeviceTypeEnum" ON "Devices" (
	"DeviceTypeEnum"	ASC
);
CREATE INDEX IF NOT EXISTS "IX_Devices_DriverId" ON "Devices" (
	"DriverId"	ASC
);
CREATE INDEX IF NOT EXISTS "IX_Devices_ParentId" ON "Devices" (
	"ParentId"	ASC
);
CREATE INDEX IF NOT EXISTS "IX_FrameworkGroups_ParentId" ON "FrameworkGroups" (
	"ParentId"
);
CREATE INDEX IF NOT EXISTS "IX_FrameworkMenus_ParentId" ON "FrameworkMenus" (
	"ParentId"
);
CREATE INDEX IF NOT EXISTS "IX_FrameworkUsers_PhotoId" ON "FrameworkUsers" (
	"PhotoId"
);
CREATE INDEX IF NOT EXISTS "IX_RpcLogs_DeviceId" ON "RpcLogs" (
	"DeviceId"	ASC
);
COMMIT;
